<?xml version="1.0" encoding="UTF-8" ?>
<!-- 

    MilesWeb boot.properties 

    Configure startup properties for Miles Web application

    THIS FILE SHOULD ONLY HOLD MILESWEB AND MWS TECHNICAL CONFIGURATION PROPERTIES !!!

-->
<milesweb-configuration>
    <!-- MWS WSPOJO Configuration -->
    <mwspojo>
        <!-- MWS API Proxy type -->
        <api>
            <ws>
                <proxy>
                    <!-- Configure proxy type: [ejb|http] -->
                    <type>http</type>
                </proxy>
            </ws>
        </api>
        <!-- Http Proxy Configuration -->
        <http>
            <url>http://athlon-miles-core-tst.esp.corpintra.net:10020/miles/</url><!-- used -->        

            <!--<url>http://milesjboss.sofico.be:8180/miles</url> TEST_ACL -->
            <!--<url>http://milesjboss.sofico.be:8380/miles</url> MIR_ACL -->

            <!--<url>http://milesjboss.sofico.be:10780/miles</url> MIR_ACLSE -->

            <!-- <url>http://milesjboss.sofico.be:8680/miles</url> --><!-- TEST_ACLIT -->
            <!-- <url>http://milesjboss.sofico.be:9080/miles</url> --><!-- TEST_ACLPT -->
            <!-- <url>http://milesjboss.sofico.be:9380/miles</url> --><!-- TEST_ACLSE -->
            <maxtotalconnections>50</maxtotalconnections>
            <maxconnectionsperhost>50</maxconnectionsperhost>
            <sockettimeout>240000</sockettimeout><!-- Max wait for WS response (in ms) -->
            <connectiontimeout>5000</connectiontimeout><!-- Max wait until server accepts connection (in ms) -->
        </http>

        <!-- MWS Cache config-->
        <!-- Hashing algorithm to be used -->
        <message-digest>MD5</message-digest>
        <!-- Maximum number of resultsets that the cache may hold -->
        <max-size>256</max-size>
        <!-- Webservice commands that can be cached -->
        <commands>
            <command>
                <name>be.sofico.basecamp.ws.core.ltable.service.GetMWSLookupTableResult</name>
                <seconds>900</seconds>
            </command>
            <command>
                <name>be.sofico.basecamp.ws.core.vehicle.service.GetAllMWSMakes</name>
                <seconds>900</seconds>
            </command>
            <command>
                <name>be.sofico.basecamp.ws.core.vehicle.service.GetBodyStyles</name>
                <seconds>900</seconds>
            </command>
            <command>
                <name>be.sofico.basecamp.ws.core.vehicle.service.GetFuelTypes</name>
                <seconds>900</seconds>
            </command>
            <command>
                <name>be.sofico.basecamp.ws.core.vehicle.service.GetEnergyLabels</name>
                <seconds>900</seconds>
            </command>
            <command>
                <name>be.sofico.basecamp.ws.core.vehicle.service.GetNumberOfDoors</name>
                <seconds>900</seconds>
            </command>
            <command>
                <name>be.sofico.basecamp.ws.core.vehicle.service.GetTransmissionTypes</name>
                <seconds>900</seconds>
            </command>
            <command>
                <name>be.sofico.basecamp.ws.core.vehicle.service.GetVehicleNatures</name>
                <seconds>900</seconds>
            </command>
        </commands>
        <!-- Selections (native or generic) listed here will have their results cached
            for the specified number of seconds -->
        <selections>
            <selection>
                <name>Ending_Contracts</name>
                <seconds>900</seconds>
            </selection>
            <selection>
                <name>Excess_Mileage_Contracts</name>
                <seconds>900</seconds>
            </selection>
            <selection>
                <name>WS_Countrycode</name>
                <seconds>900</seconds>
            </selection>
            <selection>
                <name>WS_IsicCodes</name>
                <seconds>900</seconds>
            </selection>
            <selection>
                <name>WS_Country_PhoneCodes</name>
                <seconds>900</seconds>
            </selection>
            <selection>
                <name>WS_Currencies</name>
                <seconds>900</seconds>
            </selection>
            <selection>
                <name>WS_CountriesWithAddressCompletion</name>
                <seconds>900</seconds>
            </selection>
            <selection>
                <name>NS_VatCodes</name>
                <seconds>900</seconds>
            </selection>
            <selection>
                <name>NS_BusinessPartnerAllowedLeasingCompanies</name>
                <seconds>900</seconds>
            </selection>
            <selection>
                <name>NS_CreditScores</name>
                <seconds>900</seconds>
            </selection>
            <selection>
                <name>NS_DepositTypeDefinitions</name>
                <seconds>900</seconds>
            </selection>
            <selection>
                <name>NS_FlexInterest_ProductId</name>
                <seconds>900</seconds>
            </selection>
            <selection>
                <name>NS_ContactsForUser</name>
                <seconds>900</seconds>
            </selection>
            <selection>
                <name>NS_List_Quotation_Templates</name>
                <seconds>900</seconds>
            </selection>
            <selection>
                <name>NS_List_Quotation_Templates_For_CA</name>
                <seconds>60</seconds>
            </selection>
            <selection>
                <name>NS_List_Customer_Advice_Answers</name>
                <seconds>900</seconds>
            </selection>
            <selection>
                <name>NS_List_Salespersons</name>
                <seconds>900</seconds>
            </selection>
            <selection>
                <name>NS_Models</name>
                <seconds>900</seconds>
            </selection>
            <selection>
                <name>NS_Contacts_For_BU</name>
                <seconds>60</seconds>
            </selection>
            <selection>
                <name>NS_Enterprise</name>
                <seconds>900</seconds>
            </selection>
            <selection>
                <name>NS_RentalProfilesForProduct</name>
                <seconds>900</seconds>
            </selection>
            <!-- Here goes temporary storage of result sets for client side paging,
                preventing that the result is retrieved multiple times because of filtering
                (in APPLY_REQUEST and RENDER_RESPONSE) and limiting the fetches when paging
                is performed within the cache duration. -->
        </selections>
    </mwspojo>

    <!-- Properties -->
    <!-- 
        This section contains a flat list of configuration properties to be used by Miles Web.
        They should be specified on a dot notation like config properties defined in Miles. Do not use dashes or underscores on the property name/key.

        Properties defined in Miles may have their value in MILES WEB overwritten if the same property is also defined here. 
        Values defined in this list will ALWAYS prevail on Miles Web actions. 

        Properties whose value is an array should be defined as a comma separated string on one line only.
     -->
    <properties>
        <!-- Set true to secure the session cookie (only use when in HTTPS; false will let the server decide) -->
        <entry key="secure.session.cookie">false</entry>

        <!-- Is the Reset Miles Defaults button available for all users (default value is "false") -->
        <entry key="reset.milesweb.cache.enabled.all">true</entry>

        <!-- Is the Reset Miles Defaults button available for admin users (default value is "false") -->
        <entry key="reset.milesweb.cache.enabled.admin">true</entry>

        <!-- Switch that controls to enable policy checks for the site (default value is "false") -->
        <!--<entry key="milesweb.policy.enabled"></entry>-->

        <!-- Define if custom translation should be loaded from. Default translations in language_XX.xml files delivered in WAR file are always loaded -->
        <!-- Load custom translations from Miles LabelText MLStrings (overrules values from default and custom language_XX.xml files; default value is "true") -->
        <entry key="custom.translations.load.from.labeltexts">true</entry>

        <!-- Set the location where user settings properties files should be stored -->
        <entry key="user.preferences.storage.location">/data/pt/milesweb/usersettings</entry>

        <!-- Set the URL that points to the root of all static files. This sets the location under which images and other files are located. -->
        <entry key="resources.static.url">https://athlon-milesweb-tst.esp.corpintra.net/pt/broker-mri/static/</entry>
        <entry key="resources.static.path">/static/</entry>

        <!-- Set to false if the static files are not in a subdirectories named "nl", "en", ... . If not present, this value defaults to true. -->
        <entry key="resources.localize.static.url">true</entry>

        <!-- Set the path to the carpics directory. This is either relative to the context root, or an absolute path on disk. -->
        <entry key="resources.carpic.path">/data/pt/miles_vehicle_data/images/jato/</entry>

        <!-- set the url to retrieve the carpics in the browser -->
        <entry key="resources.carpic.url">https://athlon-milesweb-tst.esp.corpintra.net/pt/broker-mri/vehicle/image/</entry>

        <!-- Set the path to the partner logo directory. This is either relative 
        to the context root, or an absolute path on disk. -->
        <entry key="resources.partnerlogo.url">/static/images/logo/</entry>

        <!-- Set if jato should be used or not -->
        <entry key="resources.jato.enabled">true</entry>

        <!-- Set if vgs should be used or not -->
        <entry key="resources.vgs.enabled">false</entry>
        
        <!-- Set if cap should be used or not -->
        <entry key="resources.cap.enabled">false</entry>

        <!-- Set temporary file location (default is location determined by System.getProperty("java.io.tmpdir")  -->
        <entry key="resources.tmp.dir">/data/pt/milesweb/tmp</entry>

        <!-- If milesweb should display dates and times in another timezone than that returned by miles, specifyy it here.
            This timezone must be in a format valid for java.util.TimeZone -->
        <!-- <entry key="timezone">GMT+1</entry> -->

        <entry key="workflow.vat.number">425020</entry>

        <!-- Set date pattern that is applicable for all <mw:convertDateTime> without pattern explicitly defined -->    
        <entry key="default.date.pattern">dd/MM/yyyy</entry>

        <!-- Set a specific locale to use when formatting numbers. Unset to use the locale defined by the language -->
        <entry key="numberformat.locale">pt</entry>

        <!-- All languages available in Miles, will be selectable in "my profile" page -->
        <entry key="language.mapping">500001:pt:Português,1:en:English</entry>
        <entry key="language.default">pt</entry>

        <entry key="country">pt</entry>

        <!-- Map a currency's ISO code to its symbol representation. Unmapped currencies will be displayed by their ISO code -->
        <entry key="currency.mapping">SEK:kr,EUR:€</entry>
        <entry key="default.currency">1</entry>
        <entry key="enable.mwserror.translation">false</entry>

        <!-- Mail configuration -->
        <entry key="mail_enable">true</entry>

        <entry key="order.mail.from"></entry>
        <entry key="order.mail.to">ingo.vonameln@athlon.com</entry>
        <entry key="contact.mail.to">ingo.vonameln@athlon.com</entry>
        <entry key="remindpw.mail.from"></entry>

        <entry key="contracttermination.completed.mail.to"></entry>
        <entry key="contracttermination.completed.mail.from"></entry>
        <entry key="contracttermination.approved.mail.to"></entry>
        <entry key="contracttermination.approved.mail.from"></entry>

        <!-- Request personal data change (user/personaldata.xhtml) -->
        <entry key="personal.data.change.to"></entry>

        <!-- Quote Order Preferences -->
        <entry key="quote.order.send.mail">true</entry><!--  Send mail after succesful quote order (DEFAULT: false) -->
        <entry key="quote.order.dealerchange.recalculate">false</entry><!--  Recalculate quote when dealer was changed (DEFAULT: false) -->
        <entry key="quote.order.driverchange.recalculate">false</entry><!--  Recalculate quote when driver was changed (DEFAULT: false) -->
        <entry key="quote.link.driver.recalculate">false</entry><!--  Recalculate quote when another driver is linked (DEFAULT: false) -->

        <!-- custom content pages text template flag -->
        <entry key="custom_content_from_text_template">false</entry><!-- get the content for the custom content pages from miles text templates, default true -->

        <!-- Quote List Preferences -->
        <!--<entry key="quotelist.salesperson.allow.view.others">true</entry>--><!-- allow the viewing the quotes of quotes in the cluster by other salespersons (DEFAULT: false) -->

        <!-- Third party logon -->
        <entry key="thirdpartylogon.enabled">false</entry>
    <!-- DISABLED     
        <entry key="thirdpartylogon.url">https://localhost/thirdpartysite/login</entry>
        <entry key="thirdpartylogon.ssl.enabled">true</entry>
        <entry key="thirdpartylogon.proxy.enabled">false</entry>
        <entry key="thirdpartylogon.proxy.host">255.255.255.255</entry>
        <entry key="thirdpartylogon.proxy.port">8080</entry>
        <entry key="thirdpartylogon.proxy.authentication.enabled">false</entry>
        <entry key="thirdpartylogon.proxy.authentication.login">test</entry>
        <entry key="thirdpartylogon.proxy.authentication.password">test</entry>
     -->

         <!-- Force selection of user role straight after login  -->
         <entry key="userrole.select.after.login.enabled">false</entry><!-- default value: false -->

        <!-- Report generation config -->
        <entry key="report.decode.base64">false</entry> <!-- When 'true' decode Miles document bytestream -->
        <entry key="report.quote.templateid">425073</entry> <!-- Document template id for quotes -->
        <entry key="report.invoice.templateid">100014</entry> <!-- Document template id for invoices -->
        <entry key="report.vehicleorder.import.templateid">350013</entry> <!-- Miles vehicleorder templateid -->
        <entry key="report.creditapplication.templateid">175001</entry> <!-- Document template id for credit applications -->
        <entry key="report.takeinconditionreport.templateid">100027</entry> <!-- Document template id for vehicle take-in report -->
        <entry key="report.takeinform.templateid">100026</entry>
        <entry key="report.incident.vehicle.picture.upload.templateid">100046</entry>
        <entry key="report.amortization.table.templateid">100024</entry>
        <entry key="report.mugshot.templateid">100020</entry> <!-- Document template id for contact photos -->
        <entry key="report.businessunitlogo.templateid">5</entry> <!-- Document template id for contact photos -->
        <entry key="report.contract.templateid">425004</entry> <!-- Document template id for contract print -->

        <!-- Webroles unsupported by this instance of milesweb -->
        <entry key="acl.ignore.webroles">salesperson,driver,fleetmanager,mothercompanyfleetmanager,prospect</entry>

        <!-- Public pages:
          Define the pages that are publicly accessible, thus also for guest visitors.
          Comma separated, each value starting with a forward slash "/".
        -->
        <entry key="acl.public.pages">/user/profile.xhtml,/faces,/version.xhtml,/mwsversion.xhtml</entry>

        <!-- Public directories:
          Define the request directories that are publicly accessible, thus also
          for guest visitors (use this for resource directories with images or included files).
          Comma separated, each value starting with a forward slash "/".
        -->
        <entry key="acl.public.directories">/primefaces_resource/,/static/</entry>

        <!-- Permission limitations:
          Specify the roles that are accessible
          in a specific page. If the page is not specified, any logged in
          user is assumed to be allowed to see the page.
          Entry key = "acl.page.", followed by the page path and name.
          Entry value = comma seperated list of permitted or denied user roles.
          Note that you cannot combine negative and positive permission settings.
          A permitted userrole is simply the name of the userrole. To deny a
          specific user role, you can prefix the userrole with '!'.
              e.g. <entry key="acl.page.quote/list">fleetmanager,driver</entry>
                   This entry will allow only fleetmanagers and drivers
                   to view the pages "quote/list.jsf" and "quote/list.xhtml"
              e.g. <entry key="acl.page.quote/list">!broker</entry>
                   This entry will explicitly disallow a broker from 
                   viewing the pages "quote/list.jsf" and "quote/list.xhtml"
              e.g. <entry key="acl.page.quote/list">!broker,fleetmanager</entry>
                   When you specify at least one negative permission, all roles that
                   are not denied access this way will be allowed. Combining positive
                   and negative permission settings should be avoided!
                   viewing the pages "quote/list.jsf" and "quote/list.xhtml"
        -->
        <entry key="acl.page.quote/list">accountmanager,driver,fleetmanager</entry>
        <entry key="acl.page.quote/list_dealer">dealer,dealermanager,broker,brokermanager</entry>
        <entry key="acl.page.quote/link_driver">fleetmanager,dealer,dealermanager,broker,brokermanager</entry>
        <entry key="acl.page.quote/statistics">fleetmanager,accountmanager,broker,dealer,dealermanager,brokermanager</entry>
        <entry key="acl.page.order/list">driver,fleetmanager</entry>
        <entry key="acl.page.order/detail">dealer,dealermanager,broker,brokermanager</entry>
        <entry key="acl.page.company/detail">fleetmanager</entry>
        <entry key="acl.page.contract/list">driver,fleetmanager,accountmanager,broker,dealer,dealermanager,brokermanager</entry>
        <entry key="acl.page.contract/statistics">fleetmanager</entry>
        <entry key="acl.page.contract/odometer_detail">driver,fleetmanager</entry>
        <entry key="acl.page.contract/list_deviations">dealer,dealermanager,broker,brokermanager</entry>
        <entry key="acl.page.contract/list_ending">dealer,dealermanager,broker,brokermanager</entry>
        <entry key="acl.page.contract/eoc_intention">fleetmanager</entry>
        <entry key="acl.page.driver/list">fleetmanager,dealer,dealermanager,broker,brokermanager</entry>
        <entry key="acl.page.dealer/detail">dealer,dealermanager,broker,brokermanager</entry>
        <entry key="acl.page.dealer/list">dealermanager,brokermanager</entry>
        <entry key="acl.page.order/list_dealer">dealer,dealermanager,broker,brokermanager</entry>
        <entry key="acl.page.order/changedeliverydate">dealer,dealermanager,broker,brokermanager</entry>
        <entry key="acl.page.vehicleorder/list">dealer,dealermanager,broker,brokermanager</entry>
        <entry key="acl.page.vehicleorder/detail">dealer,dealermanager,broker,brokermanager</entry>
        <entry key="acl.page.vehicleorder/changedeliverydate">dealer,dealermanager,broker,brokermanager</entry>
        <entry key="acl.page.vehicleorder/confirm">dealer,dealermanager,broker,brokermanager</entry>
        <entry key="acl.page.prospect/list">!driver,!fleetmanager</entry>
        <entry key="acl.page.prospect/detail">!driver,!fleetmanager</entry>
        <entry key="acl.page.prospect/remove">!driver,!fleetmanager</entry>
        <entry key="acl.page.order/orderhistory">fleetmanager</entry>
        <entry key="acl.page.prospect/contactcatlist">fleetmanager</entry>
        <entry key="acl.page.prospect/contactcatdetail">fleetmanager</entry>
        <entry key="acl.page.costcenter/list">fleetmanager</entry>
        <entry key="acl.page.costcenter/detail">fleetmanager</entry>
        <entry key="acl.page.template/list">fleetmanager</entry>
        <entry key="acl.page.template/detail">fleetmanager</entry>
        <entry key="acl.page.invoice/list">fleetmanager</entry>
        <entry key="acl.page.user/reporting">fleetmanager</entry>
        <entry key="acl.page.user/personaldata">dealer,dealermanager,broker,brokermanager</entry>
        <entry key="acl.page.user/switchdealer">dealer,dealermanager,broker,brokermanager</entry>
        <entry key="acl.page.user/selectdealer">dealer,dealermanager,admin,broker,brokermanager</entry>
        <entry key="acl.page.user/account">dealer,dealermanager,broker,brokermanager,fleetmanager,admin</entry>
        <entry key="acl.page.prospect/list_applicants">dealer,dealermanager,admin,broker,brokermanager</entry>
        <entry key="acl.page.prospect/removeapplicant">dealer,dealermanager,admin,broker,brokermanager</entry>
        <entry key="acl.page.user/fleetmanager">fleetmanager</entry>
        <entry key="acl.page.prospect/removeapplicant">dealer,dealermanager,broker,brokermanager,admin</entry>
        <entry key="acl.page.generic/list">fleetmanager</entry>
        <entry key="acl.page.generic/report">fleetmanager</entry>
        <entry key="acl.page.document/list">fleetmanager,driver</entry>

        <!-- 
        From this point on are properties to be moved into Miles. 
        But only after refactoring of code that use them. Maybe we do not need these properties anymore! 
        -->

        <entry key="prospect.legalentity.default.id">425013</entry>
        <entry key="prospect.legalentitygroup.default.id"></entry>
        <entry key="prospect.legalentity.individual.default.id">700</entry>
        <entry key="prospect.legalentity.organization.default.id">425013</entry>

        <!-- Legend settings:
          Specify the action-icons that are shown on the legend of each list
          List of all actions:
          view, edit, copy, print, del, change_drivercar, deliver, decline, approve, 
          createquote, changedelivery, incident, order, link_driver, cancel 
        -->
        <entry key="driver_legend">view,edit,change_drivercar,createquote,activateuser,deactivateuser</entry>
        <entry key="dealer_legend">view,edit,delete,activateuser,deactivateuser</entry>
        <entry key="dealer_clustered_legend">view,edit,delete,activateuser,deactivateuser,link_salesperson</entry>
        <entry key="carpolicy_legend">view,edit,delete</entry>
        <entry key="costcentre_legend">edit</entry>
        <entry key="contactcategory_legend">edit</entry>
        <entry key="order_legend">view,changedeliverydate,confirm</entry>
        <entry key="prospect_legend">view,edit,createquote,delete</entry>
        <entry key="orderedquotation_legend">view</entry>
        <entry key="pricelist_legend"></entry>
        <entry key="applicants_legend">delete</entry>
        <entry key="invoice_legend">print</entry>
        <entry key="creditapplication_legend">view,upload,copy,resubmitcreditapp,viewcreditcomm,reject,register_vehicle</entry>
        <entry key="terminationquote_legend">view,print,email,reject,approvetermination</entry>

        <!-- with release 2020.2 property name is now using a ".", to be compatible with new and old release also "_" property names are in above -->
        <entry key="driver.legend">view,edit,change_drivercar,createquote,activateuser,deactivateuser</entry>
        <entry key="dealer.legend">view,edit,delete,activateuser,deactivateuser</entry>
        <entry key="dealer.clustered.legend">view,edit,delete,activateuser,deactivateuser,link_salesperson</entry>
        <entry key="carpolicy.legend">view,edit,delete</entry>
        <entry key="costcentre.legend">edit</entry>
        <entry key="contactcategory.legend">edit</entry>
        <entry key="order.legend">view,changedeliverydate,confirm</entry>
        <entry key="prospect.legend">view,edit,createquote,delete</entry>
        <entry key="orderedquotation.legend">view,requestdeliverydate</entry>
        <entry key="pricelist.legend"></entry>
        <entry key="applicants.legend">delete</entry>
        <entry key="invoice.legend">print</entry>
        <entry key="creditapplication.legend">view,upload,copy,resubmitcreditapp,viewcreditcomm,reject,register_vehicle</entry>
        <entry key="terminationquote.legend">view,print,email,reject,approvetermination</entry>

        <entry key="alt.mindiff.catalogprice">10</entry>
        <entry key="alt.maxdiff.catalogprice">10</entry>

        <entry key="alt.mindiff.kw">10</entry>
        <entry key="alt.maxdiff.kw">10</entry>

        <!-- Set property to false if you want vehicle and option catalog prices to be shown by default (default value: true) -->    
        <entry key="be.sofico.web.quote.input.display.vehicle.consumer.prices">true</entry>

        <!-- Comma-delimited list of Product IDs identifying the retail loan (non-leasing) products -->    
        <entry key="be.sofico.web.quote.input.retail.loan.products">175002</entry>

        <entry key="energylabel_A_diesel"> &lt; 85</entry>
        <entry key="energylabel_B_diesel">86-115</entry>
        <entry key="energylabel_C_diesel">116-145</entry>
        <entry key="energylabel_D_diesel">146-175</entry>
        <entry key="energylabel_E_diesel">176-205</entry>
        <entry key="energylabel_F_diesel">206-235</entry>
        <entry key="energylabel_G_diesel"> &gt; 235</entry>

        <entry key="energylabel_A_gasoline">&lt; 100</entry>
        <entry key="energylabel_B_gasoline">101-130</entry>
        <entry key="energylabel_C_gasoline">131-160</entry>
        <entry key="energylabel_D_gasoline">161-190</entry>
        <entry key="energylabel_E_gasoline">191-220</entry>
        <entry key="energylabel_F_gasoline">221-250</entry>
        <entry key="energylabel_G_gasoline"> &gt; 250</entry>

        <entry key="ending.contract.warning.threshold.months">2</entry><!-- Monthrange in which contracts are alterted as near "expiring" -->
        <entry key="deviation.contract.productcats">801,802,1681</entry><!-- Show only contracts with these productcategories -->
        <entry key="deviation.contract.negdeviationalertperc">-30</entry><!-- Limit of normal negative distance deviation (in 99%) -->
        <entry key="deviation.contract.posdeviationalertperc">30</entry><!-- Limit of normal positive distance deviation (in 99%)-->
        <entry key="deviation.contract.negdeviationwarningperc">-10</entry><!-- Limit of normal negative distance deviation (in 99%) -->
        <entry key="deviation.contract.posdeviationwarningperc">10</entry><!-- Limit of normal positive distance deviation (in 99%)-->
        <entry key="deviation.contract.minimum.months">2</entry><!-- Show only contracts that started at least this many months ago -->

        <!-- Insurancetype to set on a new creditscore -->
        <entry key="creditscore.new.insurancetype.enumid">175013</entry>
    <!-- NOT USED (for now)    
        <entry key="salesperson_legalentity_default_id">700</entry>
     -->
         <!-- Semicolon seperated list of legalentity enumids that are private entities -->
         <entry key="legalentity.is.private">700</entry>

        <entry key="additional.contact.roles">1,12</entry>

        <!-- Fleet Statistics - CO2 emission profile - Eurotarget -->
        <entry key="co2.eurotarget">120</entry>

        <!-- Contract termination -->
        <entry key="contracttermination.directproducts.lookuptable.id">100080</entry>

        <!-- Incident registration -->
        <entry key="incidentregistration.max.number.of.pictures">3</entry>

        <entry key="prospect.legalentity.default.id">425013</entry>
        <entry key="prospect.legalentitygroup.default.id">2051</entry>

        <!-- Upload filesize limits -->
        <entry key="upload.sizelimit.document">5000000</entry>
        <entry key="upload.sizelimit.mugshot">5000000</entry>
        <entry key="upload.sizelimit.incident">5000000</entry>

        <!-- Upload filetype limits -->
        <entry key="upload.filetypes.document">/(\.|\/)(doc|docx|gif|asf|wma|wmv|wm|avi|mov|qt|mp4|mpg|mpeg|pdf|jpe?g|png|txt)$/i</entry>
        <entry key="upload.filetypes.picture">/(\.|\/)(gif|png|jpe?g)$/i</entry>
        <entry key="upload.filetypes.pdf">/(\.|\/)(pdf)$/i</entry>

        <!-- Allow management of documents by fleetmanager per individual driver -->
        <entry key="document.manage.individual.driver">false</entry> <!-- default: false -->

        <entry key="gender.value">true,false</entry>

        <entry key="useGoogleMapsWithGeocodes">true</entry><!-- default: true -->

        <entry key="lookUpAddressNLViaMiles">false</entry>

        <entry key="SpecialGeneralTariffCodes_400003">475013;;475014;;475015;;475016;;475017;;475018;;475019;;475020</entry>
        <entry key="SpecialGeneralTariffCodes_425001"></entry>
        <entry key="SpecialGeneralTariffCodes_425072"></entry>
        <entry key="SpecialGeneralTariffCodes_1"></entry>

        <entry key="brokerlogotemplateid">425072</entry>

        <entry key="contract.print.templateid">425004</entry> <!-- Document template id for contract print -->

        <entry key="showzonalnumber">false</entry>

        <!-- Customize VAT Number validation regex:
            Uncoment the lines if you want to set a customized regex for a specific country. 
            Leave it commented to use the default regex specified in VATNumberValidator. 
        -->
        <!-- <entry key="vat.regex.be">^BE0[0-9]{3}\\.[0-9]{3}\\.[0-9]{3}</entry> -->
        <!-- <entry key="vat.regex.nl">^NL([0-9]{9})B([0-9]{2})</entry> -->
        <!-- <entry key="vat.regex.lu">^LU([0-9]{8})</entry> -->
        <entry key="vat.regex.es">^[A-Z0-9][0]{0,1}[0-9]{7}[A-Z0-9]</entry>
        <entry key="vat.regex.pt">^([0-9]{9})</entry>
        <entry key="vat.regex.se">^SE[0-9]{10}01</entry>
        <entry key="vat.regex.uk">[0-9]{3}|[0-9]{9}|[0-9]{12}</entry>
        <!-- Customize Postal Code format validation regex:
            Uncoment the lines if you want to set a customized regex for a specific country. 
            Leave it commented to use the default regex specified in PostalCodeValidator. 
        -->
        <!-- <entry key="postalcode_regex_be">(B-)?[0-9]{4}</entry> -->
        <!-- <entry key="postalcode_regex_nl">[0-9]{4}[\\s][a-zA-Z]{2}</entry> -->

        <entry key="vehicle.registrationcode.available.items">1911,1910,1914</entry>

        <entry key="milesweb.use.proxy.ip.headers">true</entry>

        <entry key="miles.web.url">https://athlon-milesweb-tst.esp.corpintra.net/pt/broker-mri/</entry>

        <!-- Appearance of co2 overrule in quote finance page: hidden|readonly|editable -->
        <entry key="quote.finance.co2.overrule.appearance">hidden</entry>
        
        <!-- Appearance of tax field in quote finance page: hidden|readonly|editable -->
        <entry key="quote.finance.tax.appearance">editable</entry>
        <entry key="quote.finance.tax.percentage.attr.id"></entry>

    </properties>
</milesweb-configuration>
