<ProductConfigurationMapping>

    <!--
        Define the product configuration options for the web client.
        Reset the Miles server cache to take changes into account.


    SAMPLE CONFIGURATION ELEMENT

    <ProductConfiguration>     - Defines the config options for a given product
        <productId/>           - Maps the related product
        <reference/>           - User defined reference, allows client identification of the product and can be used in the translation.props

        <ProductSetting_Set>   - Defines all config settings that will be visible for the client

        <ProductSetting>
        <reference/>           - User defined reference, allows client identification of the product setting and can be used in the translation.props
        <attTypeId/>           - Defines the SysRepAttributeType (enumeration) that contains the possible choices
        <pcIds/>               - List of product components that are always added to the service

        <ComponentMapping_Set>
        <ComponentMapping>
        <id/>                  - Maps the enumeration id of the choice
        <pcIds/>               - List of product components to be added/removed when the choice is selected/deselected
        <pcIds condition="" /> - List of product components to be added/removed when the choice is selected/deselected
                                 but only when the condition is met (the condition is a | delimitted list of component ids)
        </ComponentMapping>
        </ComponentMapping_Set>

        <QualifierSetting_Set>
            <QualifierSetting>
                <reference>ABC</reference>    - A reference to recognize the qualifier on the client [a-zA-Z0-9_]
                <index>0</index>              - The index of the qualifier: 1,2,3  (REQ)
                <condition></condition>       - The IDs of the component mappings that enable this qualifier configuration (REQ) Empty condition means applicable for all
                <pcIds></pcIds>               - The component ids that contain the qualifier
                <attTypeId>450003</attTypeId> - The attribute type which models the possible choices for this qualifier (REQ)
                <minValue></minValue>
                <maxValue></maxValue>
                <defaultValue></defaultValue> - Applicable for enum and non enum items
                <required></required>
                <QualifierMapping_Set>          - Contains mapping between the selected value from the referenced enumeration and the
                                                value applied on the actual qualifier in Miles, only when an attribute type of the
                                                type enumeration is used in the attTypeId field
                    <QualifierMapping>
                        <id></id>              - Enum ID
                        <value></value>          - Value
                    </QualifierMapping>
                </QualifierMapping_Set>
            </QualifierSetting>
        </QualifierSetting_Set>

        </ProductSetting>

        </ProductSetting_Set>

        <PricingDetail_Set attTypeId="1235"> - Defines the attribute type of the enumeration list which contains the labels for the price detail items
            <PricingDetail>
                <pcIds/>      - The components to add to create the price totals (when none of these components are selected, the price detail will be ommited)
                <reference/> - User defined reference, allows client identifictaion of the price detail
                <id/>          - Enumeration ID which contains the label for this item
                <editable/>  - When true => Value can be altered
                <dynamic/>   - When true => component will be removed when no edit value is present
                <sraId/>     - LeaseServiceComponent / upfront / Mcurrency
                <category/>  - Used to group items with the same category
                <freeText/>  - When true => component description (label) will be updateable
            </PricingDetail>
        </PricingDetail_Set>

    </ProductConfiguration>
    -->

    <ProductConfiguration>
        <productId>100002</productId>
        <reference>Operating Lease</reference>
        <ProductSetting_Set>

            <ProductSetting>
                <reference>RMT</reference>
                <attTypeId>100075</attTypeId>
                <ComponentMapping_Set>
                    <ComponentMapping>
                        <id>100351</id> <!-- RM CLOSED with TI -->
                        <pcIds>100025|100026|100031|100014|100029|100038|100039</pcIds>
                    </ComponentMapping>
                    <ComponentMapping>
                        <id>100352</id> <!-- RM CLOSED without TI -->
                        <pcIds>100025|100026|100031|100014</pcIds>
                    </ComponentMapping>
                    <ComponentMapping>
                        <id>100420</id> <!-- No RM -->
                        <pcIds />
                    </ComponentMapping>
                </ComponentMapping_Set>
            </ProductSetting>
            <ProductSetting>
                <reference>SUMMERTIRES</reference>
                <attTypeId>100070</attTypeId>
                <ComponentMapping_Set>
                    <ComponentMapping>
                        <id>100331</id> <!-- closed calculation -->
                        <pcIds>100027|100032|100034</pcIds>
                    </ComponentMapping>
                    <ComponentMapping>
                        <id>100338</id> <!-- No -->
                        <pcIds />
                    </ComponentMapping>
                </ComponentMapping_Set>
            </ProductSetting>
            <ProductSetting>
                <reference>INSURANCE</reference>
                <attTypeId>100073</attTypeId>
                <ComponentMapping_Set>
                    <ComponentMapping>
                        <id>100344</id> <!-- TPL and MD -->
                        <pcIds>100046|100045|100040|100042|100044|100041|100043|100055|100054|100021|100022|100023|100024</pcIds>
                    </ComponentMapping>
                    <ComponentMapping>
                        <id>100345</id> <!-- TPL only -->
                        <pcIds>100046|100040|100042|100044|100055|100021|100022|100023|100024</pcIds>
                    </ComponentMapping>
                    <ComponentMapping>
                        <id>100346</id> <!-- MD only -->
                        <pcIds>100045|100040|100041|100043|100054</pcIds>
                    </ComponentMapping>
                    <ComponentMapping>
                        <id>100347</id> <!-- Nee -->
                        <pcIds />
                    </ComponentMapping>
                </ComponentMapping_Set>
            </ProductSetting>
            <ProductSetting>
                <reference>FUELCARD</reference>
                <attTypeId>100074</attTypeId>
                <ComponentMapping_Set>
                    <ComponentMapping>
                        <id>425939</id> <!-- Solred -->
                        <pcIds>100017|100061|425004</pcIds>
                    </ComponentMapping>
                    <ComponentMapping>
                        <id>100350</id> <!-- No -->
                        <pcIds />
                    </ComponentMapping>
                </ComponentMapping_Set>
            </ProductSetting>
            <ProductSetting>
                <reference>RELIEFVEHICLE</reference>
                <attTypeId>100072</attTypeId>
                <ComponentMapping_Set>
                    <ComponentMapping>
                        <id>100353</id> <!-- open calculation -->
                        <pcIds>100052|100057|100058</pcIds>
                    </ComponentMapping>
                    <ComponentMapping>
                        <id>100343</id> <!-- No -->
                        <pcIds />
                    </ComponentMapping>
                </ComponentMapping_Set>
            </ProductSetting>
        </ProductSetting_Set>
        <PricingDetail_Set attTypeId="100083">
            <PricingDetail>
                <pcIds>425001|425002|100019</pcIds>
                <reference>ROADTAX</reference>
                <id>225284</id>
            </PricingDetail>
            <PricingDetail>
                <pcIds>100014|100031|100038|100039</pcIds>
                <reference>RM</reference>
                <id>100575</id>
            </PricingDetail>
            <PricingDetail>
                <pcIds>100027|100032|100034</pcIds>
                <reference>ST</reference>
                <id>100572</id>
            </PricingDetail>
            <PricingDetail>
                <pcIds>100046|100045|100042|100041|100055|100054|100022|100023|100024</pcIds>
                <reference>INSURANCE</reference>
                <id>425937</id>
            </PricingDetail>
            <PricingDetail>
                <pcIds>100017</pcIds>
                <reference>FUEL_PROVISION</reference>
                <id>100571</id>
            </PricingDetail>
            <PricingDetail>
                <pcIds>100057|100058</pcIds>
                <reference>RELIEF</reference>
                <id>100574</id>
            </PricingDetail>
            <!-- Is used for MilesWeb MRI Fleet and MIR broker -->
            <PricingDetail>
                <pcIds>100002</pcIds>
                <!-- ProductComponent ID 100002 - Financial rental -->
                <reference>UPFRONT</reference>
                <id>100618</id>
                <!-- EnumID 100618 within SysRepAttributeType ID 100083 - UPFRONT -->
                <editable>true</editable>
                <dynamic>false</dynamic>
                <sraId>655</sraId>
                <category>RENTAL</category>
            </PricingDetail>
            <!-- MilesWeb ACL Broker checks if UPFRONT_VARIABLE is available, if not UPFRONT_FIXED is used -->
            <PricingDetail>
                <pcIds>100002</pcIds> <!-- ProductComponent ID 100002 - Financial rental -->
                <reference>UPFRONT_FIXED</reference>
                <id>100618</id> <!-- EnumID 100618 within SysRepAttributeType ID 100083 - UPFRONT -->
                <editable>true</editable>
                <dynamic>false</dynamic>
                <sraId>655</sraId>
                <category>RENTALFIXED</category>
            </PricingDetail>
        </PricingDetail_Set>
    </ProductConfiguration>
    <ProductConfiguration>
	    <productId>425003</productId>
        <reference>FleetManagement with Buyback</reference>
        <ProductSetting_Set>
            <ProductSetting>
                <reference>RMT</reference>
                <attTypeId>100075</attTypeId>
                <ComponentMapping_Set>
                    <ComponentMapping>
                        <id>100351</id> <!-- RM CLOSED with TI -->
                        <pcIds>100025|100026|100031|100014|100029|100038|100039</pcIds>
                    </ComponentMapping>
                </ComponentMapping_Set>
            </ProductSetting>
            <ProductSetting>
                <reference>SUMMERTIRES</reference>
                <attTypeId>100070</attTypeId>
                <ComponentMapping_Set>
                    <ComponentMapping>
                        <id>100331</id> <!-- closed calculation -->
                        <pcIds>100027|100032|100034</pcIds>
                    </ComponentMapping>
                </ComponentMapping_Set>
            </ProductSetting>
            <ProductSetting>
                <reference>INSURANCE</reference>
                <attTypeId>100073</attTypeId>
                <ComponentMapping_Set>
                    <ComponentMapping>
                        <id>425948</id> <!-- Yes -->
                        <pcIds>425042|425043|425044</pcIds>
                    </ComponentMapping>
                </ComponentMapping_Set>
            </ProductSetting>
        </ProductSetting_Set>
        <PricingDetail_Set attTypeId="100083">
            <PricingDetail>
                <pcIds>100014|100031|100038|100039</pcIds>
                <reference>RM</reference>
                <id>100575</id>
            </PricingDetail>
            <PricingDetail>
                <pcIds>100027|100032|100034</pcIds>
                <reference>ST</reference>
                <id>100572</id>
            </PricingDetail>
            <PricingDetail>
                <pcIds>100011</pcIds>
                <reference>MGMTFEE</reference>
                <id>426232</id>
            </PricingDetail>
            <PricingDetail>
                <pcIds>100002</pcIds>
                <reference>RENTAL</reference>
                <id>426231</id>
            </PricingDetail>
            <PricingDetail>
                <pcIds>425001|425002|100019</pcIds>
                <reference>ROADTAX</reference>
                <id>225284</id>
            </PricingDetail>
            <PricingDetail>
                <pcIds>425042|425043|425044</pcIds>
                <reference>INSURANCE</reference>
                <id>425937</id>
            </PricingDetail>
            <PricingDetail>
                <pcIds>425041</pcIds>
                <reference>OTHERFEES</reference>
                <id>426233</id>
            </PricingDetail>
        </PricingDetail_Set>
    </ProductConfiguration>
</ProductConfigurationMapping>

