<ProductConfigurationMapping>

    <!--
        Define the product configuration options for the web client.
        Reset the Miles server cache to take changes into account.


    SAMPLE CONFIGURATION ELEMENT

    <ProductConfiguration>     - Defines the config options for a given product
        <productId/>           - Maps the related product
        <reference/>           - User defined reference, allows client identification of the product and can be used in the translation.props

        <ProductSetting_Set>   - Defines all config settings that will be visible for the client

        <ProductSetting>
        <reference/>           - User defined reference, allows client identification of the product setting and can be used in the translation.props
        <attTypeId/>           - Defines the SysRepAttributeType (enumeration) that contains the possible choices
        <pcIds/>               - List of product components that are always added to the service

        <ComponentMapping_Set>
        <ComponentMapping>
        <id/>                  - Maps the enumeration id of the choice
        <pcIds/>               - List of product components to be added/removed when the choice is selected/deselected
        <pcIds condition="" /> - List of product components to be added/removed when the choice is selected/deselected
                                 but only when the condition is met (the condition is a | delimitted list of component ids)
        </ComponentMapping>
        </ComponentMapping_Set>

        <QualifierSetting_Set>
            <QualifierSetting>
                <reference>ABC</reference>    - A reference to recognize the qualifier on the client [a-zA-Z0-9_]
                <index>0</index>              - The index of the qualifier: 1,2,3  (REQ)
                <condition></condition>       - The IDs of the component mappings that enable this qualifier configuration (REQ) Empty condition means applicable for all
                <pcIds></pcIds>               - The component ids that contain the qualifier
                <attTypeId>450003</attTypeId> - The attribute type which models the possible choices for this qualifier (REQ)
                <minValue></minValue>
                <maxValue></maxValue>
                <defaultValue></defaultValue> - Applicable for enum and non enum items
                <required></required>
                <QualifierMapping_Set>          - Contains mapping between the selected value from the referenced enumeration and the
                                                value applied on the actual qualifier in Miles, only when an attribute type of the
                                                type enumeration is used in the attTypeId field
                    <QualifierMapping>
                        <id></id>              - Enum ID
                        <value></value>          - Value
                    </QualifierMapping>
                </QualifierMapping_Set>
            </QualifierSetting>
        </QualifierSetting_Set>

        </ProductSetting>

        </ProductSetting_Set>

        <PricingDetail_Set attTypeId="1235"> - Defines the attribute type of the enumeration list which contains the labels for the price detail items
            <PricingDetail>
                <pcIds/>      - The components to add to create the price totals (when none of these components are selected, the price detail will be ommited)
                <reference/> - User defined reference, allows client identifictaion of the price detail
                <id/>          - Enumeration ID which contains the label for this item
                <editable/>  - When true => Value can be altered
                <dynamic/>   - When true => component will be removed when no edit value is present
                <sraId/>     - LeaseServiceComponent / upfront / Mcurrency
                <category/>  - Used to group items with the same category
                <freeText/>  - When true => component description (label) will be updateable
            </PricingDetail>
        </PricingDetail_Set>

    </ProductConfiguration>
    -->

    <ProductConfiguration>
        <productId>100002</productId>
        <reference>Operating Lease</reference>
        <ProductSetting_Set>

            <ProductSetting>
                <reference>RMT</reference>
                <attTypeId>100075</attTypeId>
                <ComponentMapping_Set>
                    <ComponentMapping>
                        <id>100351</id>
                        <!-- RM CLOSED with TI -->
                        <pcIds>100025|100026|100031|100014|100029|100038|100039</pcIds>
                    </ComponentMapping>
                </ComponentMapping_Set>
            </ProductSetting>

            <ProductSetting>
                <reference>SUMMERTIRES</reference>
                <attTypeId>100070</attTypeId>
                <ComponentMapping_Set>
                    <ComponentMapping>
                        <id>100331</id>
                        <!-- closed calculation -->
                        <pcIds>100027|100032|100034</pcIds>
                    </ComponentMapping>
                    <ComponentMapping>
                        <id>100338</id>
                        <!-- No -->
                        <pcIds/>
                    </ComponentMapping>
                </ComponentMapping_Set>
                <QualifierSetting_Set>
                    <QualifierSetting>
                        <reference>SUMMERTIRES_QTY_SETTING</reference>
                        <index>2</index>
                        <condition>100331</condition>
                        <!-- Only when summer tires in closed calculation -->
                        <pcIds>100032</pcIds>
                        <attTypeId>100081</attTypeId>
                        <!-- The attribute type which models the possible choices for this qualifier (REQ) -->
                        <defaultValue>100542</defaultValue>
                        <!-- Applicable for enum and non enum items-->
                        <required>true</required>
                        <QualifierMapping_Set>
                            <QualifierMapping>
                                <id>100542</id>
                                <!-- Limited -->
                                <value>100049</value>
                            </QualifierMapping>
                            <QualifierMapping>
                                <id>100543</id>
                                <!-- Unlimited -->
                                <value>100050</value>
                            </QualifierMapping>
                        </QualifierMapping_Set>
                    </QualifierSetting>
                   <!-- <QualifierSetting>
                        <reference>SUMMERTIRES_QTY</reference>
                        <index>1</index>
                        <condition>100331</condition>
                        <pcIds>100032</pcIds>
                        <attTypeId>2</attTypeId>
                        <minValue>0</minValue>
                        <maxValue>99</maxValue>
                        <defaultValue>4</defaultValue>
                        <required>true</required>
                    </QualifierSetting> -->
                    <QualifierSetting>
                        <reference>SUMMERTIRES_TYPE</reference>
                        <index>3</index>
                        <condition>100331</condition>
                        <!-- Only when summer tires in closed calculation -->
                        <pcIds>100032</pcIds>
                        <attTypeId>425002</attTypeId>
                        <!-- The attribute type which models the possible choices for this qualifier (REQ) / TireMakeCategory -->
                        <defaultValue>425050</defaultValue>
                        <!-- Premium -->
                        <!-- Applicable for enum and non enum items-->
                        <required>true</required>
                        <QualifierMapping_Set>
                            <QualifierMapping>
                                <id>425049</id>
                                <!-- Essential -->
                                <value>425049</value>
                            </QualifierMapping>
                            <QualifierMapping>
                                <id>425050</id>
                                <!-- Premium -->
                                <value>425050</value>
                            </QualifierMapping>
                        </QualifierMapping_Set>
                    </QualifierSetting>
                </QualifierSetting_Set>
            </ProductSetting>

            <ProductSetting>
                <reference>WINTERTIRES</reference>
                <attTypeId>100069</attTypeId>
                <ComponentMapping_Set>
                    <ComponentMapping>
                        <id>100324</id>
                        <!-- Yes -->
                        <pcIds condition="100032">100028|100035|100037</pcIds>
                        <!-- goes with summer tires in closed calculation -->
                    </ComponentMapping>
                    <ComponentMapping>
                        <id>100325</id>
                        <!-- No -->
                        <pcIds/>
                    </ComponentMapping>
                </ComponentMapping_Set>
                <QualifierSetting_Set>
                    <QualifierSetting>
                        <reference>WINTERTIRES_QTY_SETTING</reference>
                        <index>2</index>
                        <condition>100324</condition>
                        <!-- Only when winter tires included -->
                        <pcIds>100035</pcIds>
                        <attTypeId>100082</attTypeId>
                        <!-- The attribute type which models the possible choices for this qualifier (REQ) -->
                        <defaultValue>100544</defaultValue>
                        <!-- Applicable for enum and non enum items-->
                        <required>true</required>
                        <QualifierMapping_Set>
                            <QualifierMapping>
                                <id>100544</id>
                                <!-- Limited -->
                                <value>100049</value>
                            </QualifierMapping>
                            <QualifierMapping>
                                <id>100545</id>
                                <!-- Unlimited -->
                                <value>100050</value>
                            </QualifierMapping>
                        </QualifierMapping_Set>
                    </QualifierSetting>
                    <!-- <QualifierSetting>
                        <reference>WINTERTIRES_QTY</reference>
                        <index>1</index>
                        <condition>100324</condition>
                        <pcIds>100035</pcIds>
                        <attTypeId>2</attTypeId>
                        <minValue>0</minValue>
                        <maxValue>99</maxValue>
                        <defaultValue>4</defaultValue>
                        <required>true</required>
                    </QualifierSetting> -->
                    <QualifierSetting>
                        <reference>WINTERTIRES_TYPE</reference>
                        <index>3</index>
                        <condition>100324</condition>
                        <!-- Only when winter tires included -->
                        <pcIds>100035</pcIds>
                        <attTypeId>279</attTypeId>
                        <!-- The attribute type which models the possible choices for this qualifier (REQ) / TireMake -->
                        <defaultValue>475024</defaultValue>
                        <!-- Premium -->
                        <!-- Applicable for enum and non enum items-->
                        <required>true</required>
                        <QualifierMapping_Set>
                            <QualifierMapping>
                                <id>475024</id>
                                <!-- Premium -->
                                <value>475024</value>
                            </QualifierMapping>
                            <QualifierMapping>
                                <id>475049</id>
                                <!-- Premium Spiked -->
                                <value>475049</value>
                            </QualifierMapping>
                        </QualifierMapping_Set>
                    </QualifierSetting>
                </QualifierSetting_Set>
            </ProductSetting>
            <ProductSetting>
                <reference>WINTERTIRES_SHIFTING</reference>
                <attTypeId>100069</attTypeId>
                <ComponentMapping_Set>
                    <ComponentMapping>
                        <id>100324</id>
                        <!-- Yes -->
                        <pcIds condition="100028">475001</pcIds>
                        <!-- goes with winter tires -->
                    </ComponentMapping>
                    <ComponentMapping>
                        <id>100325</id>
                        <!-- No -->
                        <pcIds/>
                    </ComponentMapping>
                </ComponentMapping_Set>
            </ProductSetting>
            <ProductSetting>
                <reference>WINTERTIRES_STORAGE</reference>
                <attTypeId>100069</attTypeId>
                <ComponentMapping_Set>
                    <ComponentMapping>
                        <id>100324</id>
                        <!-- Yes -->
                        <pcIds condition="100028">475002</pcIds>
                        <!-- goes with winter tires -->
                    </ComponentMapping>
                    <ComponentMapping>
                        <id>100325</id>
                        <!-- No -->
                        <pcIds/>
                    </ComponentMapping>
                </ComponentMapping_Set>
            </ProductSetting>
            <ProductSetting>
                <reference>WINTERTIRESINVESTMENT</reference>
                <attTypeId>100069</attTypeId>
                <ComponentMapping_Set>
                    <ComponentMapping>
                        <id>100324</id>
                        <!-- Yes -->
                        <pcIds condition="100028">475016</pcIds>
                        <!-- goes with winter tires -->
                    </ComponentMapping>
                    <ComponentMapping>
                        <id>100325</id>
                        <!-- No -->
                        <pcIds/>
                    </ComponentMapping>
                </ComponentMapping_Set>
            </ProductSetting>

            <ProductSetting>
                <reference>RELIEFVEHICLE</reference>
                <attTypeId>100072</attTypeId>
                <ComponentMapping_Set>
                    <ComponentMapping>
                        <id>100342</id>
                        <!-- closed -->
                        <pcIds>100052|100056|100058</pcIds>
                    </ComponentMapping>
                    <ComponentMapping>
                        <id>100343</id>
                        <!-- No -->
                        <pcIds/>
                    </ComponentMapping>
                </ComponentMapping_Set>
            </ProductSetting>

            <ProductSetting>
                <reference>ROADSIDEASSISTANCE</reference>
                <attTypeId>100073</attTypeId>
                <ComponentMapping_Set>
                    <ComponentMapping>
                        <id>425948</id> 
                        <pcIds>100021|100022|100024</pcIds>
                    </ComponentMapping>
                    <ComponentMapping>
                        <id>100347</id>
                        <!-- No -->
                        <pcIds>100021</pcIds>
                    </ComponentMapping>
                </ComponentMapping_Set>
            </ProductSetting>

           <!-- <ProductSetting>
                <reference>FINEMANAGEMENT</reference>
                <attTypeId>100088</attTypeId>
                <ComponentMapping_Set>
                    <ComponentMapping>
                        <id>100617</id> 
                        <pcIds>400006</pcIds>
                    </ComponentMapping>                    
                </ComponentMapping_Set>
            </ProductSetting> -->

            <ProductSetting>
                <reference>INSURANCE</reference>
                <attTypeId>100073</attTypeId>
                <ComponentMapping_Set>
                    <ComponentMapping>
                        <id>426133</id>
                        <!-- Included -->
                        <pcIds>100040|100044|100042|100046|100043|100041|100045</pcIds>
                    </ComponentMapping>
                </ComponentMapping_Set>
            </ProductSetting>

            <ProductSetting>
                <reference>FUELCARD_BIOGAS</reference>
                <attTypeId>100074</attTypeId>
                <ComponentMapping_Set>
                    <ComponentMapping>
                        <id>100348</id>
                        <!-- Yes -->
                        <pcIds>100017|100061|425004</pcIds>
                    </ComponentMapping>
                    <ComponentMapping>
                        <id>100350</id>
                        <!-- No -->
                        <pcIds/>
                    </ComponentMapping>
                </ComponentMapping_Set>
            </ProductSetting>
            <ProductSetting>
                <reference>FUELCARD_VAEXTKRAFT</reference>
                <attTypeId>100074</attTypeId>
                <ComponentMapping_Set>
                    <ComponentMapping>
                        <id>100348</id>
                        <!-- Yes -->
                        <pcIds>100017|100062|425004</pcIds>
                    </ComponentMapping>
                    <ComponentMapping>
                        <id>100350</id>
                        <!-- No -->
                        <pcIds/>
                    </ComponentMapping>
                </ComponentMapping_Set>
            </ProductSetting>
            <ProductSetting>
                <reference>FUELCARD_OKQ8</reference>
                <attTypeId>100074</attTypeId>
                <ComponentMapping_Set>
                    <ComponentMapping>
                        <id>100348</id>
                        <!-- Yes -->
                        <pcIds>100017|475005|425004</pcIds>
                    </ComponentMapping>
                    <ComponentMapping>
                        <id>100350</id>
                        <!-- No -->
                        <pcIds/>
                    </ComponentMapping>
                </ComponentMapping_Set>
            </ProductSetting>
            <ProductSetting>
                <reference>FUELCARD_OKQ8CHARGED</reference>
                <attTypeId>100074</attTypeId>
                <ComponentMapping_Set>
                    <ComponentMapping>
                        <id>100348</id>
                        <!-- Yes -->
                        <pcIds>100017|475041|425004</pcIds>
                    </ComponentMapping>
                    <ComponentMapping>
                        <id>100350</id>
                        <!-- No -->
                        <pcIds/>
                    </ComponentMapping>
                </ComponentMapping_Set>
            </ProductSetting>
            <ProductSetting>
                <reference>FUELCARD_OKQ8COMBINED</reference>
                <attTypeId>100074</attTypeId>
                <ComponentMapping_Set>
                    <ComponentMapping>
                        <id>100348</id>
                        <!-- Yes -->
                        <pcIds>100017|475042|425004</pcIds>
                    </ComponentMapping>
                    <ComponentMapping>
                        <id>100350</id>
                        <!-- No -->
                        <pcIds/>
                    </ComponentMapping>
                </ComponentMapping_Set>
            </ProductSetting>
            <ProductSetting>
                <reference>FUELCARD_PREEM</reference>
                <attTypeId>100074</attTypeId>
                <ComponentMapping_Set>
                    <ComponentMapping>
                        <id>100348</id>
                        <!-- Yes -->
                        <pcIds>100017|475006|425004</pcIds>
                    </ComponentMapping>
                    <ComponentMapping>
                        <id>100350</id>
                        <!-- No -->
                        <pcIds/>
                    </ComponentMapping>
                </ComponentMapping_Set>
            </ProductSetting>
            <ProductSetting>
                <reference>FUELCARD_STABOIL</reference>
                <attTypeId>100074</attTypeId>
                <ComponentMapping_Set>
                    <ComponentMapping>
                        <id>100348</id>
                        <!-- Yes -->
                        <pcIds>100017|475007|425004</pcIds>
                    </ComponentMapping>
                    <ComponentMapping>
                        <id>100350</id>
                        <!-- No -->
                        <pcIds/>
                    </ComponentMapping>
                </ComponentMapping_Set>
            </ProductSetting>
            <ProductSetting>
                <reference>FUELCARD_CIRCLEKCHARGED</reference>
                <attTypeId>100074</attTypeId>
                <ComponentMapping_Set>
                    <ComponentMapping>
                        <id>100348</id>
                        <!-- Yes -->
                        <pcIds>100017|475039|425004</pcIds>
                    </ComponentMapping>
                    <ComponentMapping>
                        <id>100350</id>
                        <!-- No -->
                        <pcIds/>
                    </ComponentMapping>
                </ComponentMapping_Set>
            </ProductSetting>
            <ProductSetting>
                <reference>FUELCARD_CIRCLEKCOMBINED</reference>
                <attTypeId>100074</attTypeId>
                <ComponentMapping_Set>
                    <ComponentMapping>
                        <id>100348</id>
                        <!-- Yes -->
                        <pcIds>100017|475040|425004</pcIds>
                    </ComponentMapping>
                    <ComponentMapping>
                        <id>100350</id>
                        <!-- No -->
                        <pcIds/>
                    </ComponentMapping>
                </ComponentMapping_Set>
            </ProductSetting>
            <ProductSetting>
                <reference>FUELCARD_ST1ENERGY</reference>
                <attTypeId>100074</attTypeId>
                <ComponentMapping_Set>
                    <ComponentMapping>
                        <id>100348</id>
                        <!-- Yes -->
                        <pcIds>100017|475008|425004</pcIds>
                    </ComponentMapping>
                    <ComponentMapping>
                        <id>100350</id>
                        <!-- No -->
                        <pcIds/>
                    </ComponentMapping>
                </ComponentMapping_Set>
            </ProductSetting>
            <ProductSetting>
                <reference>FUELCARD_EONBIOFOR</reference>
                <attTypeId>100074</attTypeId>
                <ComponentMapping_Set>
                    <ComponentMapping>
                        <id>100348</id>
                        <!-- Yes -->
                        <pcIds>100017|475009|425004</pcIds>
                    </ComponentMapping>
                    <ComponentMapping>
                        <id>100350</id>
                        <!-- No -->
                        <pcIds/>
                    </ComponentMapping>
                </ComponentMapping_Set>
            </ProductSetting>
            <ProductSetting>
                <reference>FUELCARD_FORDONSGAS</reference>
                <attTypeId>100074</attTypeId>
                <ComponentMapping_Set>
                    <ComponentMapping>
                        <id>100348</id>
                        <!-- Yes -->
                        <pcIds>100017|475010|425004</pcIds>
                    </ComponentMapping>
                    <ComponentMapping>
                        <id>100350</id>
                        <!-- No -->
                        <pcIds/>
                    </ComponentMapping>
                </ComponentMapping_Set>
            </ProductSetting>
            <ProductSetting>
                <reference>FUELCARD_GDLTRANSPORT</reference>
                <attTypeId>100074</attTypeId>
                <ComponentMapping_Set>
                    <ComponentMapping>
                        <id>100348</id>
                        <!-- Yes -->
                        <pcIds>100017|475025|425004</pcIds>
                    </ComponentMapping>
                    <ComponentMapping>
                        <id>100350</id>
                        <!-- No -->
                        <pcIds/>
                    </ComponentMapping>
                </ComponentMapping_Set>
            </ProductSetting>
            <ProductSetting>
                <reference>FUELCARD_QSTAR</reference>
                <attTypeId>100074</attTypeId>
                <ComponentMapping_Set>
                    <ComponentMapping>
                        <id>100348</id>
                        <!-- Yes -->
                        <pcIds>100017|475024|425004</pcIds>
                    </ComponentMapping>
                    <ComponentMapping>
                        <id>100350</id>
                        <!-- No -->
                        <pcIds/>
                    </ComponentMapping>
                </ComponentMapping_Set>
            </ProductSetting>
            <ProductSetting>
                <reference>FUELCARD_BEE</reference>
                <attTypeId>100074</attTypeId>
                <ComponentMapping_Set>
                    <ComponentMapping>
                        <id>100348</id>
                        <!-- Yes -->
                        <pcIds>100017|475034|425004</pcIds>
                    </ComponentMapping>
                    <ComponentMapping>
                        <id>100350</id>
                        <!-- No -->
                        <pcIds/>
                    </ComponentMapping>
                </ComponentMapping_Set>
            </ProductSetting>
            <ProductSetting>
                <reference>FUELCARD_EONLADDKORT</reference>
                <attTypeId>100074</attTypeId>
                <ComponentMapping_Set>
                    <ComponentMapping>
                        <id>100348</id>
                        <!-- Yes -->
                        <pcIds>100017|475035|425004</pcIds>
                    </ComponentMapping>
                    <ComponentMapping>
                        <id>100350</id>
                        <!-- No -->
                        <pcIds/>
                    </ComponentMapping>
                </ComponentMapping_Set>
            </ProductSetting>
            <ProductSetting>
                <reference>FUELCARD_GENERIC</reference>
                <attTypeId>100074</attTypeId>
                <ComponentMapping_Set>
                    <ComponentMapping>
                        <id>100348</id>
                        <!-- Yes -->
                        <pcIds>100017|475036|425004</pcIds>
                    </ComponentMapping>
                    <ComponentMapping>
                        <id>100350</id>
                        <!-- No -->
                        <pcIds/>
                    </ComponentMapping>
                </ComponentMapping_Set>
            </ProductSetting>
        </ProductSetting_Set>

        <PricingDetail_Set attTypeId="100083">
            <PricingDetail>
                <pcIds>100014|100031|100038|100039</pcIds>
                <reference>RM</reference>
                <id>100575</id>
                <!-- RM and TI-->
            </PricingDetail>
            <PricingDetail>
                <pcIds>100032|100034|100035|100037</pcIds>
                <reference>T</reference>
                <id>475199</id>
                <!-- Summer Tires and Winter Tires -->
            </PricingDetail>
            <PricingDetail>
                <pcIds>100042|100046|100041|100045</pcIds>
                <reference>INSURANCE</reference>
                <id>425937</id>
            </PricingDetail>                                              
            <!-- <PricingDetail>
                <pcIds>425004</pcIds>
                <reference>FUEL_PROVISION</reference>
                <id>100571</id>
            </PricingDetail> -->
            <PricingDetail>
                <pcIds>100056|100058</pcIds>
                <reference>RELIEF</reference>
                <id>100574</id>
            </PricingDetail>
            <!-- Is used for MilesWeb MRI Fleet and MIR broker -->
            <PricingDetail>
                <pcIds>100002</pcIds>
                <!-- ProductComponent ID 100002 - Financial rental -->
                <reference>UPFRONT</reference>
                <id>100618</id>
                <!-- EnumID 100618 within SysRepAttributeType ID 100083 - UPFRONT -->
                <editable>true</editable>
                <dynamic>false</dynamic>
                <sraId>655</sraId>
                <category>RENTAL</category>
            </PricingDetail>
            <PricingDetail>
                <pcIds>475012</pcIds>
                <!-- ProductComponent ID 100002 - variable capital -->
                <reference>UPFRONT_VARIABLE</reference>
                <id>100618</id>
                <!-- EnumID 100618 within SysRepAttributeType ID 100083 - UPFRONT -->
                <editable>true</editable>
                <dynamic>false</dynamic>
                <sraId>655</sraId>
                <category>RENTALVARIABLE</category>
            </PricingDetail>
            <PricingDetail>
                <pcIds>100002</pcIds>
                <!-- ProductComponent ID 100002 - fixed rental -->
                <reference>UPFRONT_FIXED</reference>
                <id>475090</id>
                <!-- EnumID 100618 within SysRepAttributeType ID 100083 - UPFRONT -->
                <editable>true</editable>
                <dynamic>false</dynamic>
                <sraId>655</sraId>
                <category>RENTALFIXED</category>
            </PricingDetail>
        </PricingDetail_Set>
    </ProductConfiguration>

    <ProductConfiguration>
        <productId>100003</productId>
        <reference>Finance Lease</reference>
        <ProductSetting_Set>

            <ProductSetting>
                <reference>RMT</reference>
                <attTypeId>100075</attTypeId>
                <ComponentMapping_Set>
                    <ComponentMapping>
                        <id>100351</id>
                        <!-- RM CLOSED with TI -->
                        <pcIds>100025|100026|100031|100014|100029|100038|100039</pcIds>
                    </ComponentMapping>
                     <ComponentMapping>
                        <id>100420</id>
                        <!-- No RM -->
                        <pcIds/>
                    </ComponentMapping>
                </ComponentMapping_Set>
            </ProductSetting>

            <ProductSetting>
                <reference>SUMMERTIRES</reference>
                <attTypeId>100070</attTypeId>
                <ComponentMapping_Set>
                    <ComponentMapping>
                        <id>100331</id>
                        <!-- closed calculation -->
                        <pcIds>100027|100032|100034</pcIds>
                    </ComponentMapping>
                    <ComponentMapping>
                        <id>100338</id>
                        <!-- No -->
                        <pcIds/>
                    </ComponentMapping>
                </ComponentMapping_Set>
                <QualifierSetting_Set>
                    <QualifierSetting>
                        <reference>SUMMERTIRES_QTY_SETTING</reference>
                        <index>2</index>
                        <condition>100331</condition>
                        <!-- Only when summer tires in closed calculation -->
                        <pcIds>100032</pcIds>
                        <attTypeId>100081</attTypeId>
                        <!-- The attribute type which models the possible choices for this qualifier (REQ) -->
                        <defaultValue>100542</defaultValue>
                        <!-- Applicable for enum and non enum items-->
                        <required>true</required>
                        <QualifierMapping_Set>
                            <QualifierMapping>
                                <id>100542</id>
                                <!-- Limited -->
                                <value>100049</value>
                            </QualifierMapping>
                            <QualifierMapping>
                                <id>100543</id>
                                <!-- Unlimited -->
                                <value>100050</value>
                            </QualifierMapping>
                        </QualifierMapping_Set>
                    </QualifierSetting>
                    <!-- <QualifierSetting>
                        <reference>SUMMERTIRES_QTY</reference>
                        <index>1</index>
                        <condition>100331</condition>
                        <pcIds>100032</pcIds>
                        <attTypeId>2</attTypeId>
                        <minValue>0</minValue>
                        <maxValue>99</maxValue>
                        <defaultValue>4</defaultValue>
                        <required>true</required>
                    </QualifierSetting> -->
                    <QualifierSetting>
                        <reference>SUMMERTIRES_TYPE</reference>
                        <index>3</index>
                        <condition>100331</condition>
                        <!-- Only when summer tires in closed calculation -->
                        <pcIds>100032</pcIds>
                        <attTypeId>425002</attTypeId>
                        <!-- The attribute type which models the possible choices for this qualifier (REQ) / TireMakeCategory -->
                        <defaultValue>425050</defaultValue>
                        <!-- Premium -->
                        <!-- Applicable for enum and non enum items-->
                        <required>true</required>
                        <QualifierMapping_Set>
                            <QualifierMapping>
                                <id>425049</id>
                                <!-- Essential -->
                                <value>425049</value>
                            </QualifierMapping>
                            <QualifierMapping>
                                <id>425050</id>
                                <!-- Premium -->
                                <value>425050</value>
                            </QualifierMapping>
                        </QualifierMapping_Set>
                    </QualifierSetting>
                </QualifierSetting_Set>
            </ProductSetting>

            <ProductSetting>
                <reference>WINTERTIRES</reference>
                <attTypeId>100069</attTypeId>
                <ComponentMapping_Set>
                    <ComponentMapping>
                        <id>100324</id>
                        <!-- Yes -->
                        <pcIds condition="100032">100028|100035|100037</pcIds>
                        <!-- goes with summer tires in closed calculation -->
                    </ComponentMapping>
                    <ComponentMapping>
                        <id>100325</id>
                        <!-- No -->
                        <pcIds/>
                    </ComponentMapping>
                </ComponentMapping_Set>
                <QualifierSetting_Set>
                    <QualifierSetting>
                        <reference>WINTERTIRES_QTY_SETTING</reference>
                        <index>2</index>
                        <condition>100324</condition>
                        <!-- Only when winter tires included -->
                        <pcIds>100035</pcIds>
                        <attTypeId>100082</attTypeId>
                        <!-- The attribute type which models the possible choices for this qualifier (REQ) -->
                        <defaultValue>100544</defaultValue>
                        <!-- Applicable for enum and non enum items-->
                        <required>true</required>
                        <QualifierMapping_Set>
                            <QualifierMapping>
                                <id>100544</id>
                                <!-- Limited -->
                                <value>100049</value>
                            </QualifierMapping>
                            <QualifierMapping>
                                <id>100545</id>
                                <!-- Unlimited -->
                                <value>100050</value>
                            </QualifierMapping>
                        </QualifierMapping_Set>
                    </QualifierSetting>
                    <!-- <QualifierSetting>
                        <reference>WINTERTIRES_QTY</reference>
                        <index>1</index>
                        <condition>100324</condition>
                        <pcIds>100035</pcIds>
                        <attTypeId>2</attTypeId>
                        <minValue>0</minValue>
                        <maxValue>99</maxValue>
                        <defaultValue>4</defaultValue>
                        <required>true</required>
                    </QualifierSetting> -->
                    <QualifierSetting>
                        <reference>WINTERTIRES_TYPE</reference>
                        <index>3</index>
                        <condition>100324</condition>
                        <!-- Only when winter tires included -->
                        <pcIds>100035</pcIds>
                        <attTypeId>279</attTypeId>
                        <!-- The attribute type which models the possible choices for this qualifier (REQ) / TireMake -->
                        <defaultValue>475024</defaultValue>
                        <!-- Premium -->
                        <!-- Applicable for enum and non enum items-->
                        <required>true</required>
                        <QualifierMapping_Set>
                            <QualifierMapping>
                                <id>475024</id>
                                <!-- Premium -->
                                <value>475024</value>
                            </QualifierMapping>
                            <QualifierMapping>
                                <id>475049</id>
                                <!-- Premium Spiked -->
                                <value>475049</value>
                            </QualifierMapping>
                        </QualifierMapping_Set>
                    </QualifierSetting>
                </QualifierSetting_Set>
            </ProductSetting>
            <ProductSetting>
                <reference>WINTERTIRES_SHIFTING</reference>
                <attTypeId>100069</attTypeId>
                <ComponentMapping_Set>
                    <ComponentMapping>
                        <id>100324</id>
                        <!-- Yes -->
                        <pcIds condition="100028">475001</pcIds>
                        <!-- goes with winter tires -->
                    </ComponentMapping>
                    <ComponentMapping>
                        <id>100325</id>
                        <!-- No -->
                        <pcIds/>
                    </ComponentMapping>
                </ComponentMapping_Set>
            </ProductSetting>
            <ProductSetting>
                <reference>WINTERTIRES_STORAGE</reference>
                <attTypeId>100069</attTypeId>
                <ComponentMapping_Set>
                    <ComponentMapping>
                        <id>100324</id>
                        <!-- Yes -->
                        <pcIds condition="100028">475002</pcIds>
                        <!-- goes with winter tires -->
                    </ComponentMapping>
                    <ComponentMapping>
                        <id>100325</id>
                        <!-- No -->
                        <pcIds/>
                    </ComponentMapping>
                </ComponentMapping_Set>
            </ProductSetting>
            <ProductSetting>
                <reference>WINTERTIRESINVESTMENT</reference>
                <attTypeId>100069</attTypeId>
                <ComponentMapping_Set>
                    <ComponentMapping>
                        <id>100324</id>
                        <!-- Yes -->
                        <pcIds condition="100028">475016</pcIds>
                        <!-- goes with winter tires -->
                    </ComponentMapping>
                    <ComponentMapping>
                        <id>100325</id>
                        <!-- No -->
                        <pcIds/>
                    </ComponentMapping>
                </ComponentMapping_Set>
            </ProductSetting>

            <ProductSetting>
                <reference>RELIEFVEHICLE</reference>
                <attTypeId>100072</attTypeId>
                <ComponentMapping_Set>
                    <ComponentMapping>
                        <id>100342</id>
                        <!-- closed calculation -->
                        <pcIds>100052|100056|100058</pcIds>
                    </ComponentMapping>
                    <ComponentMapping>
                        <id>100343</id>
                        <!-- No -->
                        <pcIds/>
                    </ComponentMapping>
                </ComponentMapping_Set>
            </ProductSetting>

            <ProductSetting>
                <reference>ROADSIDEASSISTANCE</reference>
                <attTypeId>100073</attTypeId>
                <ComponentMapping_Set>
                    <ComponentMapping>
                        <id>425948</id> 
                        <pcIds>100021|100022|100024</pcIds>
                    </ComponentMapping>
                    <ComponentMapping>
                        <id>100347</id>
                        <!-- No -->
                        <pcIds/>
                    </ComponentMapping>
                </ComponentMapping_Set>
            </ProductSetting>

            <ProductSetting>
                <reference>ROADTAX</reference>
                <attTypeId>100088</attTypeId>
                <ComponentMapping_Set>
                    <ComponentMapping>
                        <id>100617</id> 
                        <pcIds>425001|100018|100019</pcIds>
                    </ComponentMapping>                    
                </ComponentMapping_Set>
            </ProductSetting>

           <!-- <ProductSetting>
                <reference>FINEMANAGEMENT</reference>
                <attTypeId>100088</attTypeId>
                <ComponentMapping_Set>
                    <ComponentMapping>
                        <id>100617</id> 
                        <pcIds>400006</pcIds>
                    </ComponentMapping>                    
                </ComponentMapping_Set>
            </ProductSetting> -->

            <ProductSetting>
                <reference>INSURANCE</reference>
                <attTypeId>100073</attTypeId>
                <ComponentMapping_Set>
                    <ComponentMapping>
                        <id>425948</id>
                        <!-- Yes -->
                       <pcIds>100040|100044|100042|100046|100043|100041|100045</pcIds>
                    </ComponentMapping>
                    <ComponentMapping>
                        <id>100347</id>
                        <!-- No -->
                        <pcIds>100040|100044|100081|100043|100072</pcIds>
                    </ComponentMapping>
                </ComponentMapping_Set>
            </ProductSetting>

            <ProductSetting>
                <reference>FUELCARD_BIOGAS</reference>
                <attTypeId>100074</attTypeId>
                <ComponentMapping_Set>
                    <ComponentMapping>
                        <id>100348</id>
                        <!-- Yes -->
                        <pcIds>100017|100061|425004</pcIds>
                    </ComponentMapping>
                    <ComponentMapping>
                        <id>100350</id>
                        <!-- No -->
                        <pcIds/>
                    </ComponentMapping>
                </ComponentMapping_Set>
            </ProductSetting>
            <ProductSetting>
                <reference>FUELCARD_VAEXTKRAFT</reference>
                <attTypeId>100074</attTypeId>
                <ComponentMapping_Set>
                    <ComponentMapping>
                        <id>100348</id>
                        <!-- Yes -->
                        <pcIds>100017|100062|425004</pcIds>
                    </ComponentMapping>
                    <ComponentMapping>
                        <id>100350</id>
                        <!-- No -->
                        <pcIds/>
                    </ComponentMapping>
                </ComponentMapping_Set>
            </ProductSetting>
            <ProductSetting>
                <reference>FUELCARD_OKQ8</reference>
                <attTypeId>100074</attTypeId>
                <ComponentMapping_Set>
                    <ComponentMapping>
                        <id>100348</id>
                        <!-- Yes -->
                        <pcIds>100017|475005|425004</pcIds>
                    </ComponentMapping>
                    <ComponentMapping>
                        <id>100350</id>
                        <!-- No -->
                        <pcIds/>
                    </ComponentMapping>
                </ComponentMapping_Set>
            </ProductSetting>
            <ProductSetting>
                <reference>FUELCARD_OKQ8CHARGED</reference>
                <attTypeId>100074</attTypeId>
                <ComponentMapping_Set>
                    <ComponentMapping>
                        <id>100348</id>
                        <!-- Yes -->
                        <pcIds>100017|475041|425004</pcIds>
                    </ComponentMapping>
                    <ComponentMapping>
                        <id>100350</id>
                        <!-- No -->
                        <pcIds/>
                    </ComponentMapping>
                </ComponentMapping_Set>
            </ProductSetting>
            <ProductSetting>
                <reference>FUELCARD_OKQ8COMBINED</reference>
                <attTypeId>100074</attTypeId>
                <ComponentMapping_Set>
                    <ComponentMapping>
                        <id>100348</id>
                        <!-- Yes -->
                        <pcIds>100017|475042|425004</pcIds>
                    </ComponentMapping>
                    <ComponentMapping>
                        <id>100350</id>
                        <!-- No -->
                        <pcIds/>
                    </ComponentMapping>
                </ComponentMapping_Set>
            </ProductSetting>
            <ProductSetting>
                <reference>FUELCARD_PREEM</reference>
                <attTypeId>100074</attTypeId>
                <ComponentMapping_Set>
                    <ComponentMapping>
                        <id>100348</id>
                        <!-- Yes -->
                        <pcIds>100017|475006|425004</pcIds>
                    </ComponentMapping>
                    <ComponentMapping>
                        <id>100350</id>
                        <!-- No -->
                        <pcIds/>
                    </ComponentMapping>
                </ComponentMapping_Set>
            </ProductSetting>
            <ProductSetting>
                <reference>FUELCARD_STABOIL</reference>
                <attTypeId>100074</attTypeId>
                <ComponentMapping_Set>
                    <ComponentMapping>
                        <id>100348</id>
                        <!-- Yes -->
                        <pcIds>100017|475007|425004</pcIds>
                    </ComponentMapping>
                    <ComponentMapping>
                        <id>100350</id>
                        <!-- No -->
                        <pcIds/>
                    </ComponentMapping>
                </ComponentMapping_Set>
            </ProductSetting>
            <ProductSetting>
                <reference>FUELCARD_CIRCLEKCHARGED</reference>
                <attTypeId>100074</attTypeId>
                <ComponentMapping_Set>
                    <ComponentMapping>
                        <id>100348</id>
                        <!-- Yes -->
                        <pcIds>100017|475039|425004</pcIds>
                    </ComponentMapping>
                    <ComponentMapping>
                        <id>100350</id>
                        <!-- No -->
                        <pcIds/>
                    </ComponentMapping>
                </ComponentMapping_Set>
            </ProductSetting>
            <ProductSetting>
                <reference>FUELCARD_CIRCLEKCOMBINED</reference>
                <attTypeId>100074</attTypeId>
                <ComponentMapping_Set>
                    <ComponentMapping>
                        <id>100348</id>
                        <!-- Yes -->
                        <pcIds>100017|475040|425004</pcIds>
                    </ComponentMapping>
                    <ComponentMapping>
                        <id>100350</id>
                        <!-- No -->
                        <pcIds/>
                    </ComponentMapping>
                </ComponentMapping_Set>
            </ProductSetting>
            <ProductSetting>
                <reference>FUELCARD_ST1ENERGY</reference>
                <attTypeId>100074</attTypeId>
                <ComponentMapping_Set>
                    <ComponentMapping>
                        <id>100348</id>
                        <!-- Yes -->
                        <pcIds>100017|475008|425004</pcIds>
                    </ComponentMapping>
                    <ComponentMapping>
                        <id>100350</id>
                        <!-- No -->
                        <pcIds/>
                    </ComponentMapping>
                </ComponentMapping_Set>
            </ProductSetting>
            <ProductSetting>
                <reference>FUELCARD_EONBIOFOR</reference>
                <attTypeId>100074</attTypeId>
                <ComponentMapping_Set>
                    <ComponentMapping>
                        <id>100348</id>
                        <!-- Yes -->
                        <pcIds>100017|475009|425004</pcIds>
                    </ComponentMapping>
                    <ComponentMapping>
                        <id>100350</id>
                        <!-- No -->
                        <pcIds/>
                    </ComponentMapping>
                </ComponentMapping_Set>
            </ProductSetting>
            <ProductSetting>
                <reference>FUELCARD_FORDONSGAS</reference>
                <attTypeId>100074</attTypeId>
                <ComponentMapping_Set>
                    <ComponentMapping>
                        <id>100348</id>
                        <!-- Yes -->
                        <pcIds>100017|475010|425004</pcIds>
                    </ComponentMapping>
                    <ComponentMapping>
                        <id>100350</id>
                        <!-- No -->
                        <pcIds/>
                    </ComponentMapping>
                </ComponentMapping_Set>
            </ProductSetting>
            <ProductSetting>
                <reference>FUELCARD_GDLTRANSPORT</reference>
                <attTypeId>100074</attTypeId>
                <ComponentMapping_Set>
                    <ComponentMapping>
                        <id>100348</id>
                        <!-- Yes -->
                        <pcIds>100017|475025|425004</pcIds>
                    </ComponentMapping>
                    <ComponentMapping>
                        <id>100350</id>
                        <!-- No -->
                        <pcIds/>
                    </ComponentMapping>
                </ComponentMapping_Set>
            </ProductSetting>
            <ProductSetting>
                <reference>FUELCARD_QSTAR</reference>
                <attTypeId>100074</attTypeId>
                <ComponentMapping_Set>
                    <ComponentMapping>
                        <id>100348</id>
                        <!-- Yes -->
                        <pcIds>100017|475024|425004</pcIds>
                    </ComponentMapping>
                    <ComponentMapping>
                        <id>100350</id>
                        <!-- No -->
                        <pcIds/>
                    </ComponentMapping>
                </ComponentMapping_Set>
            </ProductSetting>
            <ProductSetting>
                <reference>FUELCARD_BEE</reference>
                <attTypeId>100074</attTypeId>
                <ComponentMapping_Set>
                    <ComponentMapping>
                        <id>100348</id>
                        <!-- Yes -->
                        <pcIds>100017|475034|425004</pcIds>
                    </ComponentMapping>
                    <ComponentMapping>
                        <id>100350</id>
                        <!-- No -->
                        <pcIds/>
                    </ComponentMapping>
                </ComponentMapping_Set>
            </ProductSetting>
            <ProductSetting>
                <reference>FUELCARD_EONLADDKORT</reference>
                <attTypeId>100074</attTypeId>
                <ComponentMapping_Set>
                    <ComponentMapping>
                        <id>100348</id>
                        <!-- Yes -->
                        <pcIds>100017|475035|425004</pcIds>
                    </ComponentMapping>
                    <ComponentMapping>
                        <id>100350</id>
                        <!-- No -->
                        <pcIds/>
                    </ComponentMapping>
                </ComponentMapping_Set>
            </ProductSetting>
            <ProductSetting>
                <reference>FUELCARD_GENERIC</reference>
                <attTypeId>100074</attTypeId>
                <ComponentMapping_Set>
                    <ComponentMapping>
                        <id>100348</id>
                        <!-- Yes -->
                        <pcIds>100017|475036|425004</pcIds>
                    </ComponentMapping>
                    <ComponentMapping>
                        <id>100350</id>
                        <!-- No -->
                        <pcIds/>
                    </ComponentMapping>
                </ComponentMapping_Set>
            </ProductSetting>
        </ProductSetting_Set>

        <PricingDetail_Set attTypeId="100083">
            <PricingDetail>
                <pcIds>100014|100031|100038|100039</pcIds>
                <reference>RM</reference>
                <id>100575</id>
                <!-- RM and TI-->
            </PricingDetail>
            <PricingDetail>
                <pcIds>100032|100034|100035|100037</pcIds>
                <reference>T</reference>
                <id>475199</id>
                <!-- Summer Tires and Winter Tires -->
            </PricingDetail>
            <PricingDetail>
                <pcIds>100042|100046|100041|100045</pcIds>
                <reference>INSURANCE</reference>
                <id>425937</id>
            </PricingDetail>                                              
           <!-- <PricingDetail>
                <pcIds>425004</pcIds>
                <reference>FUEL_PROVISION</reference>
                <id>100571</id> 
            </PricingDetail> -->
            <PricingDetail>
                <pcIds>100056|100058</pcIds>
                <reference>RELIEF</reference>
                <id>100574</id>
            </PricingDetail>
            <PricingDetail>
                <pcIds>100002</pcIds>
                <!-- ProductComponent ID 100002 - Financial rental -->
                <reference>UPFRONT</reference>
                <id>100618</id>
                <!-- EnumID 100618 within SysRepAttributeType ID 100083 - UPFRONT -->
                <editable>true</editable>
                <dynamic>false</dynamic>
                <sraId>655</sraId>
                <category>RENTAL</category>
            </PricingDetail>
            <PricingDetail>
                <pcIds>475012</pcIds>
                <!-- ProductComponent ID 100002 - variable capital -->
                <reference>UPFRONT_VARIABLE</reference>
                <id>100618</id>
                <!-- EnumID 100618 within SysRepAttributeType ID 100083 - UPFRONT -->
                <editable>true</editable>
                <dynamic>false</dynamic>
                <sraId>655</sraId>
                <category>RENTALVARIABLE</category>
            </PricingDetail>
            <PricingDetail>
                <pcIds>100002</pcIds>
                <!-- ProductComponent ID 100002 - fixed rental -->
                <reference>UPFRONT_FIXED</reference>
                <id>475090</id>
                <!-- EnumID 100618 within SysRepAttributeType ID 100083 - UPFRONT -->
                <editable>true</editable>
                <dynamic>false</dynamic>
                <sraId>655</sraId>
                <category>RENTALFIXED</category>
            </PricingDetail>

        </PricingDetail_Set>
    </ProductConfiguration>
</ProductConfigurationMapping>
