<ProductConfigurationMapping>

  <!--
        Define the product configuration options for the web client.
        Reset the Miles server cache to take changes into account.


    SAMPLE CONFIGURATION ELEMENT

    <ProductConfiguration>     - Defines the config options for a given product
        <productId/>           - Maps the related product
        <reference/>           - User defined reference, allows client identification of the product and can be used in the translation.props

        <ProductSetting_Set>   - Defines all config settings that will be visible for the client

        <ProductSetting>
        <reference/>           - User defined reference, allows client identification of the product setting and can be used in the translation.props
        <attTypeId/>           - Defines the SysRepAttributeType (enumeration) that contains the possible choices
        <pcIds/>               - List of product components that are always added to the service

        <ComponentMapping_Set>
        <ComponentMapping>
        <id/>                  - Maps the enumeration id of the choice
        <pcIds/>               - List of product components to be added/removed when the choice is selected/deselected
        <pcIds condition="" /> - List of product components to be added/removed when the choice is selected/deselected
                                 but only when the condition is met (the condition is a | delimitted list of component ids)
        </ComponentMapping>
        </ComponentMapping_Set>

        <QualifierSetting_Set>
            <QualifierSetting>
                <reference>ABC</reference>    - A reference to recognize the qualifier on the client [a-zA-Z0-9_]
                <index>0</index>              - The index of the qualifier: 1,2,3  (REQ)
                <condition></condition>       - The IDs of the component mappings that enable this qualifier configuration (REQ) Empty condition means applicable for all
                <pcIds></pcIds>               - The component ids that contain the qualifier
                <attTypeId>450003</attTypeId> - The attribute type which models the possible choices for this qualifier (REQ)
                <minValue></minValue>
                <maxValue></maxValue>
                <defaultValue></defaultValue> - Applicable for enum and non enum items
                <required></required>
                <QualifierMapping_Set>          - Contains mapping between the selected value from the referenced enumeration and the
                                                value applied on the actual qualifier in Miles, only when an attribute type of the
                                                type enumeration is used in the attTypeId field
                    <QualifierMapping>
                        <id></id>              - Enum ID
                        <value></value>          - Value
                    </QualifierMapping>
                </QualifierMapping_Set>
            </QualifierSetting>
        </QualifierSetting_Set>

        </ProductSetting>

        </ProductSetting_Set>

        <PricingDetail_Set attTypeId="1235"> - Defines the attribute type of the enumeration list which contains the labels for the price detail items
            <PricingDetail>
                <pcIds/>      - The components to add to create the price totals (when none of these components are selected, the price detail will be ommited)
                <reference/> - User defined reference, allows client identifictaion of the price detail
                <id/>          - Enumeration ID which contains the label for this item
                <editable/>  - When true => Value can be altered
                <dynamic/>   - When true => component will be removed when no edit value is present
                <sraId/>     - LeaseServiceComponent / upfront / Mcurrency
                <category/>  - Used to group items with the same category
                <freeText/>  - When true => component description (label) will be updateable
            </PricingDetail>
        </PricingDetail_Set>

    </ProductConfiguration>
    -->

  <ProductConfiguration>
    <productId>100002</productId>
    <reference>Operating Lease</reference>
    <ProductSetting_Set>
      <ProductSetting>
        <reference>RMT</reference>
        <attTypeId>100075</attTypeId>
        <ComponentMapping_Set>
          <ComponentMapping>
            <id>100351</id> <!-- RM CLOSED with TI -->
            <pcIds>100025|100026|100031|100014|100029|100038|100039</pcIds>
          </ComponentMapping>
          <ComponentMapping>
            <id>100420</id> <!-- No RM -->
            <pcIds/>
          </ComponentMapping>
        </ComponentMapping_Set>
        <QualifierSetting_Set>
          <QualifierSetting>
            <reference>RM_TYPE</reference>
            <index>1</index>
            <condition>100351</condition> <!-- Only when RM CLOSED with TI is included -->
            <pcIds>100014</pcIds>
            <attTypeId>450037</attTypeId> <!-- The attribute type which models the possible choices for this qualifier (REQ) -->
            <defaultValue>451054</defaultValue> <!-- Applicable for enum and non enum items-->
            <required>true</required>
            <QualifierMapping_Set>
              <QualifierMapping>
                <id>451055</id> <!-- Manutenzione presso casa madre -->
                <value>450584</value>
              </QualifierMapping>
              <QualifierMapping>
                <id>451054</id> <!--  Manutenzione-->
                <value>450583</value>
              </QualifierMapping>
            </QualifierMapping_Set>
          </QualifierSetting>
        </QualifierSetting_Set>
      </ProductSetting>
      <ProductSetting>
        <reference>SUMMERTIRES</reference>
        <attTypeId>100070</attTypeId>
        <ComponentMapping_Set>
          <ComponentMapping>
            <id>100331</id> <!-- closed calculation -->
            <pcIds>100027|100032|100034</pcIds>
          </ComponentMapping>
          <ComponentMapping>
            <id>100338</id> <!-- No -->
            <pcIds/>
          </ComponentMapping>
        </ComponentMapping_Set>
        <QualifierSetting_Set>
          <QualifierSetting>
            <reference>SUMMERTIRES_QTY_SETTING</reference>
            <index>2</index>
            <condition>100331</condition> <!-- Only when summer tires in closed calculation -->
            <pcIds>100032</pcIds>
            <attTypeId>100081</attTypeId> <!-- The attribute type which models the possible choices for this qualifier (REQ) -->
            <defaultValue>100542</defaultValue> <!-- Applicable for enum and non enum items-->
            <required>true</required>
            <QualifierMapping_Set>
              <QualifierMapping>
                <id>100542</id> <!-- Limited -->
                <value>100049</value>
              </QualifierMapping>
              <QualifierMapping>
                <id>100543</id> <!-- Unlimited -->
                <value>100050</value>
              </QualifierMapping>
            </QualifierMapping_Set>
          </QualifierSetting>
          <QualifierSetting>
            <reference>SUMMERTIRES_QTY</reference>
            <index>1</index>
            <condition>100331</condition> <!-- Only when summer tires in closed calculation -->
            <pcIds>100032</pcIds>
            <attTypeId>2</attTypeId> <!-- The attribute type which models the possible choices for this qualifier (REQ) -->
            <minValue>0</minValue>
            <maxValue>99</maxValue>
            <defaultValue>4</defaultValue>
            <required>true</required>
          </QualifierSetting>
          <QualifierSetting>
            <reference>SUMMERTIRES_TYPE</reference>
            <index>3</index>
            <condition>100331</condition> <!-- Only when summer tires included -->
            <pcIds>100032</pcIds>
            <attTypeId>425002</attTypeId> <!-- The attribute type which models the possible choices for this qualifier (REQ) / TireMakeCategory -->
            <defaultValue>425050</defaultValue> <!-- Premium -->
            <!-- Applicable for enum and non enum items-->
            <required>true</required>
            <QualifierMapping_Set>
              <QualifierMapping>
                <id>425049</id> <!-- Essential -->
                <value>425049</value>
              </QualifierMapping>
              <QualifierMapping>
                <id>425050</id> <!-- Premium -->
                <value>425050</value>
              </QualifierMapping>
            </QualifierMapping_Set>
          </QualifierSetting>
        </QualifierSetting_Set>
      </ProductSetting>
      <ProductSetting>
        <reference>WINTERTIRES</reference>
        <attTypeId>100069</attTypeId>
        <ComponentMapping_Set>
          <ComponentMapping>
            <id>100324</id> <!-- Yes -->
            <pcIds condition="100032">100028|100035|100037</pcIds> <!-- goes with summer tires in closed calculation -->
          </ComponentMapping>
          <ComponentMapping>
            <id>100325</id> <!-- No -->
            <pcIds/>
          </ComponentMapping>
        </ComponentMapping_Set>
        <QualifierSetting_Set>
          <QualifierSetting>
            <reference>WINTERTIRES_QTY_SETTING</reference>
            <index>2</index>
            <condition>100324</condition> <!-- Only when winter tires included -->
            <pcIds>100035</pcIds>
            <attTypeId>100082</attTypeId> <!-- The attribute type which models the possible choices for this qualifier (REQ) -->
            <defaultValue>100544</defaultValue> <!-- Applicable for enum and non enum items-->
            <required>true</required>
            <QualifierMapping_Set>
              <QualifierMapping>
                <id>100544</id> <!-- Limited -->
                <value>100049</value>
              </QualifierMapping>
              <QualifierMapping>
                <id>100545</id> <!-- Unlimited -->
                <value>100050</value>
              </QualifierMapping>
            </QualifierMapping_Set>
          </QualifierSetting>
          <QualifierSetting>
            <reference>WINTERTIRES_QTY</reference>
            <index>1</index>
            <condition>100324</condition> <!-- Only when winter tires in closed calculation -->
            <pcIds>100035</pcIds>
            <attTypeId>2</attTypeId> <!-- The attribute type which models the possible choices for this qualifier (REQ) -->
            <minValue>0</minValue>
            <maxValue>99</maxValue>
            <defaultValue>4</defaultValue>
            <required>true</required>
          </QualifierSetting>
          <QualifierSetting>
            <reference>WINTERTIRES_TYPE</reference>
            <index>3</index>
            <condition>100324</condition> <!-- Only when winter tires included -->
            <pcIds>100035</pcIds>
            <attTypeId>425002</attTypeId> <!-- The attribute type which models the possible choices for this qualifier (REQ) / TireMakeCategory -->
            <defaultValue>425050</defaultValue> <!-- Premium -->
            <!-- Applicable for enum and non enum items-->
            <required>true</required>
            <QualifierMapping_Set>
              <QualifierMapping>
                <id>425049</id> <!-- Essential -->
                <value>425049</value>
              </QualifierMapping>
              <QualifierMapping>
                <id>425050</id> <!-- Premium -->
                <value>425050</value>
              </QualifierMapping>
            </QualifierMapping_Set>
          </QualifierSetting>
        </QualifierSetting_Set>
      </ProductSetting>
      <ProductSetting>
        <reference>ALLSEASONTIRES</reference>
        <attTypeId>450025</attTypeId>
        <ComponentMapping_Set>
          <ComponentMapping>
            <id>450658</id>  <!--closed calculation--> 
            <pcIds>450035|450036|450037</pcIds>
          </ComponentMapping>
          <ComponentMapping>
            <id>450660</id>  <!--No--> 
            <pcIds/>
          </ComponentMapping>
        </ComponentMapping_Set>
        <QualifierSetting_Set>
          <QualifierSetting>
            <reference>ALLSEASONTIRES_QTY_SETTING</reference>
            <index>2</index>
            <condition>450658</condition>  <!--Only when all season tires in closed calculation--> 
            <pcIds>450036</pcIds>
            <attTypeId>450024</attTypeId>  <!--The attribute type which models the possible choices for this qualifier (REQ)--> 
            <defaultValue>450656</defaultValue>  <!--Applicable for enum and non enum items-->
            <required>true</required>
            <QualifierMapping_Set>
              <QualifierMapping>
                <id>450656</id>  <!--Limited--> 
                <value>100049</value>
              </QualifierMapping>
              <QualifierMapping>
                <id>450657</id>  <!--Unlimited--> 
                <value>100050</value>
              </QualifierMapping>
            </QualifierMapping_Set>
          </QualifierSetting>
          <QualifierSetting>
            <reference>ALLSEASONTIRES_QTY</reference>
            <index>1</index>
            <condition>450658</condition>  <!--Only when all season tires in closed calculation--> 
            <pcIds>450036</pcIds>
            <attTypeId>2</attTypeId>  <!--The attribute type which models the possible choices for this qualifier (REQ)--> 
            <minValue>0</minValue>
            <maxValue>99</maxValue>
            <defaultValue>4</defaultValue>
            <required>true</required>
          </QualifierSetting>
          <QualifierSetting>
            <reference>ALLSEASONTIRES_TYPE</reference>
            <index>3</index>
            <condition>450658</condition>  <!--Only when all season tires included--> 
            <pcIds>450036</pcIds>
            <attTypeId>425002</attTypeId>  <!--The attribute type which models the possible choices for this qualifier (REQ) / TireMakeCategory--> 
            <defaultValue>425050</defaultValue>  <!--Premium--> 
             <!--Applicable for enum and non enum items-->
            <required>true</required>
            <QualifierMapping_Set>
              <QualifierMapping>
                <id>425049</id>  <!--Essential--> 
                <value>425049</value>
              </QualifierMapping>
              <QualifierMapping>
                <id>425050</id>  <!--Premium--> 
                <value>425050</value>
              </QualifierMapping>
            </QualifierMapping_Set>
          </QualifierSetting>
        </QualifierSetting_Set>
      </ProductSetting>
      <ProductSetting>
        <reference>ROADSIDEASSISTANCE</reference>
        <attTypeId>100073</attTypeId>
        <ComponentMapping_Set>
          <ComponentMapping>
            <id>425948</id>
            <pcIds>100021|100022|100024</pcIds>
          </ComponentMapping>
          <ComponentMapping>
            <id>100347</id> <!-- Nee -->
            <pcIds/>
          </ComponentMapping>
        </ComponentMapping_Set>
      </ProductSetting>
      <ProductSetting>
        <reference>VIP_SERVICE</reference>
        <attTypeId>450035</attTypeId>
        <ComponentMapping_Set>
          <ComponentMapping>
            <id>451050</id> <!-- Yes -->
            <pcIds>400004|400005</pcIds>
          </ComponentMapping>
          <ComponentMapping>
            <id>451051</id> <!-- Nee -->
            <pcIds/>
          </ComponentMapping>
        </ComponentMapping_Set>
        <QualifierSetting_Set>
          <QualifierSetting>
            <reference>VIP_SERVICE_TYPE</reference>
            <index>1</index>
            <condition>451050</condition> <!-- Only when VIP Service is included -->
            <pcIds>400005</pcIds>
            <attTypeId>450036</attTypeId> <!-- The attribute type which models the possible choices for this qualifier (REQ) -->
            <defaultValue>451052</defaultValue> 
            <required>true</required>
            <QualifierMapping_Set>
              <QualifierMapping>
                <id>451052</id> <!-- Basic -->
                <value>450029</value>
              </QualifierMapping>
              <QualifierMapping>
                <id>451053</id> <!--  Extended -->
                <value>450030</value>
              </QualifierMapping>
            </QualifierMapping_Set>
          </QualifierSetting>
        </QualifierSetting_Set>
      </ProductSetting>
      <ProductSetting>
        <reference>THIRDPARTYLIABILITY</reference>
        <attTypeId>100073</attTypeId>
        <ComponentMapping_Set>
          <ComponentMapping>
            <id>425948</id> <!-- Yes -->
            <pcIds>100040|100046|100042|100044</pcIds>
          </ComponentMapping>
          <ComponentMapping>
            <id>451033</id> <!-- Damage Mgmt service-->
            <pcIds>100040|100044|100081|450047</pcIds>
          </ComponentMapping>
          <ComponentMapping>
            <id>100347</id> <!-- Nee -->
            <pcIds>100040|100044|100081</pcIds>
          </ComponentMapping>
        </ComponentMapping_Set>
        <QualifierSetting_Set>
          <QualifierSetting>
            <reference>TPL_FRANCHISE</reference>
            <index>1</index>
            <condition>425948</condition> <!-- Only when TPL is included -->
            <pcIds>100042</pcIds>
            <attTypeId>450019</attTypeId> <!-- The attribute type which models the possible choices for this qualifier (REQ) -->
            <defaultValue>450623</defaultValue> <!-- Applicable for enum and non enum items-->
            <required>true</required>
            <QualifierMapping_Set>
              <QualifierMapping>
                <id>450623</id> <!-- 0 -->
                <value>450619</value>
              </QualifierMapping>
              <QualifierMapping>
                <id>450624</id> <!-- 150 -->
                <value>450620</value>
              </QualifierMapping>
              <QualifierMapping>
               <id>450625</id> <!-- 260 -->
                <value>450621</value>
              </QualifierMapping>
              <QualifierMapping>
                <id>450626</id> <!-- 500 -->
                <value>450622</value>
              </QualifierMapping>
            </QualifierMapping_Set>
          </QualifierSetting>
          <QualifierSetting>
            <reference>RCA_PROFILE</reference>
            <index>2</index>
            <condition>425948</condition> <!-- Only when TPL is included -->
            <pcIds>100042</pcIds>
            <attTypeId>450011</attTypeId> <!-- The attribute type which models the possible choices for this qualifier (REQ) -->
            <defaultValue>450514</defaultValue> <!-- Applicable for enum and non enum items-->
            <required>true</required>
            <QualifierMapping_Set>
              <QualifierMapping>
                <id>450514</id> <!-- LO 2600000 -->
                <value>450012</value>
              </QualifierMapping>
              <QualifierMapping>
                <id>450515</id> <!-- ME 5200000 -->
                <value>450013</value>
              </QualifierMapping>
              <QualifierMapping>
                <id>450516</id> <!-- MI 50000000 -->
                <value>450014</value>
              </QualifierMapping>
              <QualifierMapping>
                <id>450517</id> <!-- Not applicable -->
                <value>450070</value>
              </QualifierMapping>
            </QualifierMapping_Set>
          </QualifierSetting>
          <QualifierSetting>
            <reference>TOWBAR</reference>
            <index>3</index>
            <condition>425948</condition> <!-- Only when TPL is included -->
            <pcIds>100042</pcIds>
            <attTypeId>5</attTypeId> <!-- The attribute type which models the possible choices for this qualifier (REQ) -->
          </QualifierSetting>
        </QualifierSetting_Set>
      </ProductSetting>
      <ProductSetting>
        <reference>MATERIALDAMAGE</reference>
        <attTypeId>100073</attTypeId>
        <ComponentMapping_Set>
          <ComponentMapping>
            <id>425948</id> <!-- Yes -->
            <pcIds>100040|100045|100041|100043</pcIds>
          </ComponentMapping>
          <ComponentMapping>
            <id>451033</id> <!-- Damage Mgmt service-->
            <pcIds>100040|100043|100072|450046</pcIds>
          </ComponentMapping>
          <ComponentMapping>
            <id>100347</id> <!-- Nee -->
            <pcIds>100040|100043|100072</pcIds>
          </ComponentMapping>
        </ComponentMapping_Set>
        <QualifierSetting_Set>
          <QualifierSetting>
            <reference>KASCO_PROFILE</reference>
            <index>1</index>
            <condition>425948</condition> <!-- Only when MD is included -->
            <pcIds>100041</pcIds>
            <attTypeId>450010</attTypeId> <!-- The attribute type which models the possible choices for this qualifier (REQ) -->
            <defaultValue>450512</defaultValue> <!-- Applicable for enum and non enum items-->
            <required>true</required>
            <QualifierMapping_Set>
              <QualifierMapping>
                <id>450505</id> <!-- Excess 10% - 105euro -->
                <value>450004</value>
              </QualifierMapping>
              <QualifierMapping>
                <id>450506</id> <!--  Excess 10% - 260euro -->
                <value>450005</value>
              </QualifierMapping>
              <QualifierMapping>
                <id>450507</id> <!--  Excess 5% - 105euro -->
                <value>450006</value>
              </QualifierMapping>
              <QualifierMapping>
                <id>450508</id> <!--  Excess 5% - 260euro -->
                <value>450007</value>
              </QualifierMapping>
              <QualifierMapping>
                <id>450509</id> <!-- Fix 105euro -->
                <value>450008</value>
              </QualifierMapping>
              <QualifierMapping>
                <id>450510</id> <!-- Fix 260euro -->
                <value>450009</value>
              </QualifierMapping>
              <QualifierMapping>
                <id>450511</id> <!-- Fix 500euro -->
                <value>450010</value>
              </QualifierMapping>
              <QualifierMapping>
                <id>450512</id> <!-- Fix none -->
                <value>450011</value>
              </QualifierMapping>
              <QualifierMapping>
                <id>450513</id> <!-- Not Applicable -->
                <value>450067</value>
              </QualifierMapping>
            </QualifierMapping_Set>
          </QualifierSetting>
        </QualifierSetting_Set>
      </ProductSetting>
      <ProductSetting>
        <reference>BLACKBOX</reference>
        <attTypeId>450026</attTypeId>
        <ComponentMapping_Set>
          <ComponentMapping>
            <id>450663</id>  <!--Yes--> 
            <pcIds>100010|450038|450039|450040</pcIds>
          </ComponentMapping>
        </ComponentMapping_Set>
        <QualifierSetting_Set>
          <QualifierSetting>
            <reference>BLACKBOX_TYPE</reference>
            <index>1</index>
            <condition>450663</condition>  <!--Only when Yes (Web product configuration options for Black box (service selection)) is chosen--> 
            <pcIds>450039</pcIds>
            <attTypeId>450027</attTypeId>  <!--The attribute type which models the possible choices for this qualifier (REQ)--> 
            <defaultValue>450681</defaultValue>  <!--Applicable for enum and non enum items-->
            <required>true</required>
            <QualifierMapping_Set>              
              <QualifierMapping>
                <id>450681</id> <!--Intellyathlon (GV55)-->
                <value>450647</value>
              </QualifierMapping>
              <QualifierMapping>
                <id>450665</id> <!--Intellyathlon + Ghost (GV55 + GL500)-->
                <value>450648</value>
              </QualifierMapping>
            </QualifierMapping_Set>
          </QualifierSetting>
        </QualifierSetting_Set>
      </ProductSetting>
      <ProductSetting>
        <reference>WRECK</reference>
        <attTypeId>100073</attTypeId>
        <ComponentMapping_Set>
          <ComponentMapping>
            <id>425948</id> <!-- Yes -->
            <pcIds>100040|450001|450002|450004</pcIds>
          </ComponentMapping>
          <ComponentMapping>
            <id>100347</id> <!-- Nee -->
            <pcIds/>
          </ComponentMapping>
        </ComponentMapping_Set>
        <QualifierSetting_Set>
          <QualifierSetting>
            <reference>WRECK_PROFILE</reference>
            <index>1</index>
            <condition>425948</condition> <!-- Only when wreck insurance is chosen -->
            <pcIds>450002</pcIds>
            <attTypeId>450012</attTypeId> <!-- The attribute type which models the possible choices for this qualifier (REQ) -->
            <defaultValue>450519</defaultValue> <!-- Applicable for enum and non enum items-->
            <required>true</required>
            <QualifierMapping_Set>
              <QualifierMapping>
                <id>450518</id> <!-- Excess 10% - 105euro -->
                <value>450015</value>
              </QualifierMapping>
              <QualifierMapping>
                <id>450519</id> <!--  Excess 10% - 260euro -->
                <value>450016</value>
              </QualifierMapping>
              <QualifierMapping>
                <id>450520</id> <!--  Excess 5% - 105euro -->
                <value>450017</value>
              </QualifierMapping>
              <QualifierMapping>
                <id>450521</id> <!--  Excess 5% - 260euro -->
                <value>450018</value>
              </QualifierMapping>
              <QualifierMapping>
                <id>450522</id> <!-- Fix 105euro -->
                <value>450019</value>
              </QualifierMapping>
              <QualifierMapping>
                <id>450523</id> <!-- Fix 260euro -->
                <value>450020</value>
              </QualifierMapping>
              <QualifierMapping>
                <id>450524</id> <!-- Fix 500euro -->
                <value>450021</value>
              </QualifierMapping>
              <QualifierMapping>
                <id>450614</id> <!-- Excess 20% -->
                <value>450608</value>
              </QualifierMapping>
              <QualifierMapping>
                <id>450615</id> <!-- Excess 30% -->
                <value>450609</value>
              </QualifierMapping>
              <QualifierMapping>
                <id>450525</id> <!-- Fix none -->
                <value>450022</value>
              </QualifierMapping>
              <QualifierMapping>
                <id>450526</id> <!-- Not Applicable -->
                <value>450068</value>
              </QualifierMapping>
            </QualifierMapping_Set>
          </QualifierSetting>
        </QualifierSetting_Set>
      </ProductSetting>
      <ProductSetting>
        <reference>THEFT</reference>
        <attTypeId>100073</attTypeId>
        <ComponentMapping_Set>
          <ComponentMapping>
            <id>425948</id> <!-- Yes -->
            <pcIds>100040|450005|450006|450008</pcIds>
          </ComponentMapping>
          <ComponentMapping>
            <id>451034</id> <!--Commercial Vehicle -->
            <pcIds>100040|450005|450008|450048</pcIds>
          </ComponentMapping>
          <ComponentMapping>
            <id>100347</id> <!-- No -->
            <pcIds>100040|450005|450017</pcIds>
          </ComponentMapping>
        </ComponentMapping_Set>
        <QualifierSetting_Set>
          <QualifierSetting>
            <reference>THEFT_PROFILE</reference>
            <index>1</index>
            <condition>425948|451034</condition> <!-- Only when theft insurance is chosen -->
            <pcIds>450006|450048</pcIds>
            <attTypeId>450012</attTypeId> <!-- The attribute type which models the possible choices for this qualifier (REQ) -->
            <defaultValue>450519</defaultValue> <!-- Applicable for enum and non enum items-->
            <required>true</required>
            <QualifierMapping_Set>
              <QualifierMapping>
                <id>450518</id> <!-- Excess 10% - 105euro -->
                <value>450015</value>
              </QualifierMapping>
              <QualifierMapping>
                <id>450519</id> <!--  Excess 10% - 260euro -->
                <value>450016</value>
              </QualifierMapping>
              <QualifierMapping>
                <id>450520</id> <!--  Excess 5% - 105euro -->
                <value>450017</value>
              </QualifierMapping>
              <QualifierMapping>
                <id>450521</id> <!--  Excess 5% - 260euro -->
                <value>450018</value>
              </QualifierMapping>
              <QualifierMapping>
                <id>450522</id> <!-- Fix 105euro -->
                <value>450019</value>
              </QualifierMapping>
              <QualifierMapping>
                <id>450523</id> <!-- Fix 260euro -->
                <value>450020</value>
              </QualifierMapping>
              <QualifierMapping>
                <id>450524</id> <!-- Fix 500euro -->
                <value>450021</value>
              </QualifierMapping>
              <QualifierMapping>
                <id>450614</id> <!-- Excess 20% -->
                <value>450608</value>
              </QualifierMapping>
              <QualifierMapping>
                <id>450615</id> <!-- Excess 30% -->
                <value>450609</value>
              </QualifierMapping>
              <QualifierMapping>
                <id>450525</id> <!-- Fix none -->
                <value>450022</value>
              </QualifierMapping>
              <QualifierMapping>
                <id>450526</id> <!-- Not Applicable -->
                <value>450068</value>
              </QualifierMapping>
            </QualifierMapping_Set>
          </QualifierSetting>
        </QualifierSetting_Set>
      </ProductSetting>
      <ProductSetting>
        <reference>PERSONALACCIDENT</reference>
        <attTypeId>100073</attTypeId>
        <ComponentMapping_Set>
          <ComponentMapping>
            <id>425948</id> <!-- Yes -->
            <pcIds>100040|450009|450010|450012</pcIds>
          </ComponentMapping>
          <ComponentMapping>
            <id>100347</id> <!-- Nee -->
            <pcIds/>
          </ComponentMapping>
        </ComponentMapping_Set>
        <QualifierSetting_Set>
          <QualifierSetting>
            <reference>PAI_PROFILE</reference>
            <index>1</index>
            <condition>425948</condition> <!-- Only when TPL is included -->
            <pcIds>450010</pcIds>
            <attTypeId>450013</attTypeId> <!-- The attribute type which models the possible choices for this qualifier (REQ) -->
            <defaultValue>450527</defaultValue> <!-- Applicable for enum and non enum items-->
            <required>true</required>
            <QualifierMapping_Set>
              <QualifierMapping>
                <id>450527</id> <!-- BASIC -->
                <value>450023</value>
              </QualifierMapping>
              <QualifierMapping>
                <id>450528</id> <!-- PLUS -->
                <value>450024</value>
              </QualifierMapping>
              <QualifierMapping>
                <id>450529</id> <!-- Not applicable -->
                <value>450069</value>
              </QualifierMapping>
            </QualifierMapping_Set>
          </QualifierSetting>
        </QualifierSetting_Set>
      </ProductSetting>
      <ProductSetting>
        <reference>LEGALPROTECTION</reference>
        <attTypeId>100073</attTypeId>
        <ComponentMapping_Set>
          <ComponentMapping>
            <id>425948</id> <!-- Yes -->
            <pcIds>100040|450031|450032|450034</pcIds>
          </ComponentMapping>
          <ComponentMapping>
            <id>100347</id> <!-- No -->
            <pcIds/>
          </ComponentMapping>
        </ComponentMapping_Set>
        <QualifierSetting_Set>
          <QualifierSetting>
            <reference>LEGALPROTECTION_PROFILE</reference>
            <index>1</index>
            <condition>425948</condition> <!-- Only when TPL is included -->
            <pcIds>450032</pcIds>
            <attTypeId>450017</attTypeId> <!-- The attribute type which models the possible choices for this qualifier (REQ) -->
            <defaultValue>450616</defaultValue> <!-- Applicable for enum and non enum items-->
            <required>true</required>
            <QualifierMapping_Set>
              <QualifierMapping>
                <id>450616</id> <!-- Option 1 -->
                <value>450611</value>
              </QualifierMapping>
              <QualifierMapping>
                <id>450617</id> <!-- Option 2 -->
                <value>450612</value>
              </QualifierMapping>
              <QualifierMapping>
                <id>450618</id> <!-- Option 3 -->
                <value>450613</value>
              </QualifierMapping>
            </QualifierMapping_Set>
          </QualifierSetting>
        </QualifierSetting_Set>
      </ProductSetting>
      <ProductSetting>
        <reference>FUELCARD_ESSO</reference>
        <attTypeId>100074</attTypeId>
        <ComponentMapping_Set>
          <ComponentMapping>
            <id>100348</id> <!-- Yes -->
            <pcIds>100017|425004|450013</pcIds>
          </ComponentMapping>
          <ComponentMapping>
            <id>100350</id> <!-- No -->
            <pcIds/>
          </ComponentMapping>
        </ComponentMapping_Set>
      </ProductSetting>
      <ProductSetting>
        <reference>FUELCARD_ENI</reference>
        <attTypeId>100074</attTypeId>
        <ComponentMapping_Set>
          <ComponentMapping>
            <id>100348</id> <!-- Yes -->
            <pcIds>100017|425004|100061</pcIds>
          </ComponentMapping>
          <ComponentMapping>
            <id>100350</id> <!-- No -->
            <pcIds/>
         </ComponentMapping>
        </ComponentMapping_Set>
      </ProductSetting>
      <ProductSetting>
        <reference>FUELCARD_API</reference>
        <attTypeId>100074</attTypeId>
        <ComponentMapping_Set>
          <ComponentMapping>
            <id>100348</id> <!-- Yes -->
            <pcIds>100017|425004|100062</pcIds>
          </ComponentMapping>
          <ComponentMapping>
            <id>100350</id> <!-- No -->
            <pcIds/>
          </ComponentMapping>
        </ComponentMapping_Set>
      </ProductSetting>
      <ProductSetting>
        <reference>FUELCARD_Q8</reference>
        <attTypeId>100074</attTypeId>
        <ComponentMapping_Set>
          <ComponentMapping>
            <id>100348</id> <!-- Yes -->
            <pcIds>100017|425004|450014</pcIds>
          </ComponentMapping>
          <ComponentMapping>
            <id>100350</id> <!-- No -->
            <pcIds/>
          </ComponentMapping>
        </ComponentMapping_Set>
      </ProductSetting>
      <ProductSetting>
        <reference>RELIEFVEHICLE</reference>
        <attTypeId>100072</attTypeId>
        <ComponentMapping_Set>
          <ComponentMapping>
            <id>100342</id> <!-- closed calculation -->
            <pcIds>100052|100056|100058</pcIds>
          </ComponentMapping>
          <ComponentMapping>
            <id>100343</id> <!-- No -->
            <pcIds/>
          </ComponentMapping>
        </ComponentMapping_Set>
        <QualifierSetting_Set>
          <QualifierSetting>
            <reference>RELIEF_VEHICLE_CATEGORY</reference>
            <index>2</index>
            <condition>100342|100353</condition> <!-- Only when "Yes" is selected -->
            <pcIds>100056|100057</pcIds>
            <attTypeId>100067</attTypeId> <!-- The attribute type which models the possible choices for this qualifier (REQ) -->
            <defaultValue>100186</defaultValue> <!-- Applicable for enum and non enum items-->
            <required>true</required>
            <QualifierMapping_Set>
              <QualifierMapping>
                <id>100186</id> <!-- Like for like -->
                <value>100186</value>
              </QualifierMapping>
              <QualifierMapping>
                <id>100187</id> <!-- One category smaller -->
                <value>100187</value>
              </QualifierMapping>
              <QualifierMapping>
                <id>100188</id> <!-- Smallest -->
                <value>100188</value>
              </QualifierMapping>
            </QualifierMapping_Set>
          </QualifierSetting>
        </QualifierSetting_Set>
      </ProductSetting>
    </ProductSetting_Set>
    <PricingDetail_Set attTypeId="100083">
      <PricingDetail>
        <pcIds>425001|425002|100019</pcIds>
        <reference>ROADTAX</reference>
        <id>225284</id>
      </PricingDetail>
      <PricingDetail>
        <pcIds>100014|100031|100038|100039</pcIds>
        <reference>RM</reference>
        <id>100575</id>
      </PricingDetail>
      <PricingDetail>
        <pcIds>100027|100032|100034</pcIds>
        <reference>ST</reference>
        <id>100572</id>
      </PricingDetail>
      <PricingDetail>
        <pcIds>100028|100035|100037</pcIds>
        <reference>WT</reference>
        <id>100573</id>
      </PricingDetail>
      <PricingDetail>
        <pcIds>450035|450036|450037</pcIds>
        <reference>AST</reference>
        <id>450661</id>
      </PricingDetail>
      <PricingDetail>
        <pcIds>100022|100023|100024</pcIds>
        <reference>ROADSIDEASSISTANCE</reference>
        <id>425938</id>
      </PricingDetail>
      <PricingDetail>
        <pcIds>100046|100045|450046|450047|100042|100041|100055|100054|450002|450003|450004|450006|450007|450008|450010|450011|450012|450032|450034</pcIds>
        <reference>INSURANCE</reference>
        <id>425937</id>
      </PricingDetail>
      <PricingDetail>
        <pcIds>450038|450039|450040</pcIds>
        <reference>BLACK_BOX</reference>
        <id>450674</id>
      </PricingDetail>      
      <PricingDetail>
        <pcIds>425004|450013|100061|100062|450014|450015</pcIds>
        <reference>FUEL_PROVISION</reference>
        <id>100571</id>
      </PricingDetail>
      <PricingDetail>
        <pcIds>100056|100057|100058</pcIds>
        <reference>RELIEF</reference>
        <id>100574</id>
      </PricingDetail> <!-- Is used for MilesWeb MRI Fleet and MIR broker -->
      <PricingDetail>
        <pcIds>100002</pcIds> <!-- ProductComponent ID 100002 - Financial rental -->
        <reference>UPFRONT</reference>
        <id>100618</id> <!-- EnumID 100618 within SysRepAttributeType ID 100083 - UPFRONT -->
        <editable>true</editable>
        <dynamic>false</dynamic>
        <sraId>655</sraId>
        <category>RENTAL</category>
      </PricingDetail> <!-- MilesWeb ACL Broker checks if UPFRONT_VARIABLE is available, if not UPFRONT_FIXED is used -->
      <PricingDetail>
        <pcIds>100002</pcIds> <!-- ProductComponent ID 100002 - Financial rental -->
        <reference>UPFRONT_FIXED</reference>
        <id>100618</id> <!-- EnumID 100618 within SysRepAttributeType ID 100083 - UPFRONT -->
        <editable>true</editable>
        <dynamic>false</dynamic>
        <sraId>655</sraId>
        <category>RENTALFIXED</category>
      </PricingDetail>
    </PricingDetail_Set>
  </ProductConfiguration>
</ProductConfigurationMapping>
