<?xml version="1.0" encoding="UTF-8" standalone="no"?>
<AutomatedInstallation langpack="eng">
<productName>EAP</productName>
<productVersion>7.1.0</productVersion>
<com.izforge.izpack.panels.HTMLLicencePanel id="HTMLLicencePanel"/>
<com.izforge.izpack.panels.TargetPanel id="DirectoryPanel">
<installpath>/app/milesweb-pt</installpath>
</com.izforge.izpack.panels.TargetPanel>
<com.izforge.izpack.panels.TreePacksPanel id="TreePacksPanel">
<pack index="0" name="Red Hat JBoss Enterprise Application Platform" selected="true"/>
<pack index="1" name="AppClient" selected="true"/>
<pack index="2" name="XMLs and XSDs" selected="true"/>
<pack index="3" name="Modules" selected="true"/>
<pack index="4" name="Welcome Content" selected="true"/>
</com.izforge.izpack.panels.TreePacksPanel>
<com.izforge.izpack.panels.UserInputPanel id="CreateUserPanel">
<userInput>
<entry key="adminUser" value="admin"/>
<entry autoPrompt="true" key="adminPassword"/>
</userInput>
</com.izforge.izpack.panels.UserInputPanel>
<com.izforge.izpack.panels.SummaryPanel id="SummaryPanel"/>
<com.izforge.izpack.panels.InstallPanel id="InstallPanel"/>
<com.izforge.izpack.panels.UserInputPanel id="postinstall">
<userInput>
<entry key="postinstallServer" value="true"/>
<entry key="installVault" value="false"/>
<entry key="installSsl" value="false"/>
<entry key="installLdap" value="false"/>
<entry key="installInfinispan" value="false"/>
<entry key="installSecurityDomain" value="false"/>
<entry key="installQuickStarts" value="false"/>
<entry key="installPorts" value="true"/>
<entry key="installLogging" value="true"/>
<entry key="jsf.install" value="false"/>
<entry key="jdbc.driver.install" value="false"/>
</userInput>
</com.izforge.izpack.panels.UserInputPanel>
<com.izforge.izpack.panels.UserInputPanel id="vaultsecurity"/>
<com.izforge.izpack.panels.UserInputPanel id="sslsecurity"/>
<com.izforge.izpack.panels.UserInputPanel id="ldapsecurity"/>
<com.izforge.izpack.panels.UserInputPanel id="ldapsecurity2"/>
<com.izforge.izpack.panels.UserInputPanel id="infinispan"/>
<com.izforge.izpack.panels.UserInputPanel id="Security Domain Panel"/>
<com.izforge.izpack.panels.UserInputPanel id="jsssecuritydomain"/>
<com.izforge.izpack.panels.UserInputPanel id="QuickStartsPanel"/>
<com.izforge.izpack.panels.UserInputPanel id="MavenRepoCheckPanel"/>
<com.izforge.izpack.panels.UserInputPanel id="SocketBindingPanel">
<userInput>
<entry key="portDecision" value="default"/>
<entry key="pureIPv6" value="false"/>
</userInput>
</com.izforge.izpack.panels.UserInputPanel>
<com.izforge.izpack.panels.UserInputPanel id="SocketStandalonePanel"/>
<com.izforge.izpack.panels.UserInputPanel id="SocketHaStandalonePanel"/>
<com.izforge.izpack.panels.UserInputPanel id="SocketFullStandalonePanel"/>
<com.izforge.izpack.panels.UserInputPanel id="SocketFullHaStandalonePanel"/>
<com.izforge.izpack.panels.UserInputPanel id="HostDomainPanel"/>
<com.izforge.izpack.panels.UserInputPanel id="SocketDomainPanel"/>
<com.izforge.izpack.panels.UserInputPanel id="SocketHaDomainPanel"/>
<com.izforge.izpack.panels.UserInputPanel id="SocketFullDomainPanel"/>
<com.izforge.izpack.panels.UserInputPanel id="SocketFullHaDomainPanel"/>
<com.izforge.izpack.panels.UserInputPanel id="ServerLaunchPanel"/>
<com.izforge.izpack.panels.UserInputPanel id="LoggingOptionsPanel">
<userInput>
<entry key="root-log-level" value="INFO"/>
<entry key="console-log-level" value="INFO"/>
</userInput>
</com.izforge.izpack.panels.UserInputPanel>
<com.izforge.izpack.panels.UserInputPanel id="JSF jar Setup Panel"/>
<com.izforge.izpack.panels.UserInputPanel id="JDBC Setup Panel"/>
<com.izforge.izpack.panels.UserInputPanel id="Datasource Configuration Panel"/>
<com.izforge.izpack.panels.ProcessPanel id="ProcessPanel"/>
<com.izforge.izpack.panels.ShortcutPanel id="ShortcutPanel"/>
<com.izforge.izpack.panels.FinishPanel id="FinishPanel"/>
</AutomatedInstallation>
