<?xml version="1.0" encoding="UTF-8"?>
<webmappings-configuration>
    <QuoteStatus>
        <DEFAULT>
            <filteritems>
                <item defaultSelected="true" milesEnumId="">ALL</item>
                <item milesEnumId="100044,100174,100176,100180">ALL_OPEN</item>
                <item milesEnumId="100044">SAVED</item>
                <item milesEnumId="100174,100180">CREDIT_ACCEPTED</item>
                <item milesEnumId="100176">CONTRACT_CREATED</item>
                <item milesEnumId="22,100045">CANCELLED</item>
            </filteritems>
        </DEFAULT>
        <!-- quoteStatusId 475106 is SE specific -->
        <dealer>
            <filteritems>
                <item defaultSelected="true" milesEnumId="21,22,23,100044,100045,100056,100174,100175,100180,100622,100623,100722,475106">ALL</item>
                <item milesEnumId="21,23,100044,100056,100174,100175,100176,100180,100622,100722,475106">ALL_OPEN</item>
                <item milesEnumId="23,100044,100056,100722,475106">SAVED</item>
                <item milesEnumId="100174,100180">CREDIT_ACCEPTED</item>
                <item milesEnumId="21">ORDERED</item>
                <item milesEnumId="100176">CONTRACT_CREATED</item>
                <item milesEnumId="22,100045">CANCELLED</item>
                <item milesEnumId="100042,100043">UNSAVED</item>
            </filteritems>
            <allowedactions>
                <action restrictedToEnumId="21,23,100044,100056,100174,100175,100180,100622,100623,100722,475106">print</action>
                <action>copy</action>
                <action>view</action>
                <action restrictedToEnumId="21,23,100044,100056,100174,100175,100180,100622,100623,100722,475106">email</action>
                <action restrictedToEnumId="21,100175,100180,100622">editcreditapp</action>
                <action restrictedToEnumId="23,100044,100056">link_driver</action>
                <action restrictedToEnumId="23,100044,100056">link_prospect</action>
                <action restrictedToEnumId="100722,475106">order</action><!-- 475106 is printed/mailed in SE -->
                <action restrictedToEnumId="100044,100056">ordermessage</action>
                <action restrictedToEnumId="21,23,100041,100044,100056,100622,100623,100722,475106">reject</action>
                <action>upload</action>
                <action>download</action>
            </allowedactions>
        </dealer>
        <dealermanager>
            <filteritems>
                <item defaultSelected="true" milesEnumId="21,22,23,100044,100045,100056,100180,100174,100175,100622,100623,100722,475106">ALL</item>
                <item milesEnumId="21,23,100044,100056,100174,100175,100176,100180,100622,100722,475106">ALL_OPEN</item>
                <item milesEnumId="23,100044,100056,100722,475106">SAVED</item>
                <item milesEnumId="100174,100180">CREDIT_ACCEPTED</item>
                <item milesEnumId="21">ORDERED</item>
                <item milesEnumId="100176">CONTRACT_CREATED</item>
                <item milesEnumId="22,100045">CANCELLED</item>
                <item milesEnumId="100042,100043">UNSAVED</item>
            </filteritems>
            <allowedactions>
                <action restrictedToEnumId="21,23,100044,100056,100174,100175,100180,100622,100623,100722,475106">print</action>
                <action>copy</action>
                <action>view</action>
                <action restrictedToEnumId="21,23,100044,100056,100174,100175,100180,100622,100623,100722,475106">email</action>
                <action restrictedToEnumId="21,100175,100180,100622">editcreditapp</action>
                <action restrictedToEnumId="23,100044,100056">link_driver</action>
                <action restrictedToEnumId="23,100044,100056">link_broker</action>
                <action restrictedToEnumId="23,100044,100056">link_prospect</action>
                <action restrictedToEnumId="100722,475106">order</action><!-- 475106 is printed/mailed in SE -->
                <action restrictedToEnumId="100044,100056">ordermessage</action>
                <action restrictedToEnumId="21,23,100041,100044,100056,100622,100623,100722,475106">reject</action>
                <action>upload</action>
                <action>download</action>
            </allowedactions>
        </dealermanager>
        <accountmanager>
            <filteritems>
                <item defaultSelected="true" milesEnumId="">ALL</item>
                <item milesEnumId="100044,100174,100176,100180">ALL_OPEN</item>
                <item milesEnumId="100044">SAVED</item>
                <item milesEnumId="100174,100180">CREDIT_ACCEPTED</item>
                <item milesEnumId="100176">CONTRACT_CREATED</item>
                <item milesEnumId="22,100045">CANCELLED</item>
            </filteritems>
            <allowedactions>
                <action>view</action>
                <action restrictedToEnumId="23,100044,100056,100722,475106">email</action>
                <action restrictedToEnumId="100044,100174,100176,100180">print</action>
                <action restrictedToEnumId="20,100044,100174,100176,100180">copy</action>
                <action restrictedToEnumId="100044,100174,100176,100180">delete</action>
            </allowedactions>
        </accountmanager>
        <broker>
            <filteritems>
                <item defaultSelected="true" milesEnumId="21,22,23,100044,100045,100056,100174,100175,100180,100622,100623,100722,475106">ALL</item>
                <item milesEnumId="21,23,100044,100056,100174,100175,100176,100180,100622,100722,475106">ALL_OPEN</item>
                <item milesEnumId="23,100044,100056,100722,475106">SAVED</item>
                <item milesEnumId="100174,100180">CREDIT_ACCEPTED</item>
                <item milesEnumId="21">ORDERED</item>
                <item milesEnumId="100176">CONTRACT_CREATED</item>
                <item milesEnumId="22,100045">CANCELLED</item>
                <item milesEnumId="100042,100043">UNSAVED</item>
            </filteritems>
            <allowedactions>
                <action restrictedToEnumId="21,23,100044,100056,100174,100175,100180,100622,100623,100722,475106">print</action>
                <action>copy</action>
                <action>view</action>
                <action restrictedToEnumId="21,23,100044,100056,100174,100175,100180,100622,100623,100722,475106">email</action>
                <action restrictedToEnumId="21,100175,100180,100622">editcreditapp</action>
                <action restrictedToEnumId="23,100044,100056">link_driver</action>
                <action restrictedToEnumId="23,100044,100056">link_prospect</action>
                <action restrictedToEnumId="100722,475106">order</action><!-- 475106 is printed/mailed in SE -->
                <action restrictedToEnumId="100044,100056">ordermessage</action>
                <action restrictedToEnumId="21,23,100041,100044,100056,100622,100623,100722,475106">reject</action>
                <action>upload</action>
                <action>download</action>
            </allowedactions>
        </broker>
        <brokermanager>
            <filteritems>
                <item defaultSelected="true" milesEnumId="21,22,23,100044,100045,100056,100174,100175,100180,100622,100623,100722,475106">ALL</item>
                <item milesEnumId="21,23,100044,100056,100180,100175,100176,100622,100174,100722,475106">ALL_OPEN</item>
                <item milesEnumId="23,100044,100056,100722,475106">SAVED</item>
                <item milesEnumId="100174,100180">CREDIT_ACCEPTED</item>
                <item milesEnumId="21">ORDERED</item>
                <item milesEnumId="100176">CONTRACT_CREATED</item>
                <item milesEnumId="22,100045">CANCELLED</item>
                <item milesEnumId="100042,100043">UNSAVED</item>
            </filteritems>
            <allowedactions>
                <action restrictedToEnumId="21,23,100044,100056,100174,100175,100180,100622,100623,100722,475106">print</action>
                <action>copy</action>
                <action>view</action>
                <action restrictedToEnumId="21,23,100044,100056,100174,100175,100180,100622,100623,100722,475106">email</action>
                <action restrictedToEnumId="21,100175,100180,100622">editcreditapp</action>
                <action restrictedToEnumId="23,100044,100056">link_driver</action>
                <action restrictedToEnumId="23,100044,100056">link_broker</action>
                <action restrictedToEnumId="23,100044,100056">link_prospect</action>
                <action restrictedToEnumId="100722,475106">order</action><!-- 475106 is printed/mailed in SE -->
                <action restrictedToEnumId="100044,100056">ordermessage</action>
                <action restrictedToEnumId="21,23,100041,100044,100056,100622,100623,100722,475106">reject</action>
                <action>upload</action>
                <action>download</action>
            </allowedactions>
        </brokermanager>
    </QuoteStatus>
    <ContractStatus>
        <DEFAULT>
            <filteritems>
                <item milesEnumId="566,567,2664,1295,100246">ALL_STATUSES</item>
                <item defaultSelected="true" milesEnumId="566,2664,100246">RUNNING</item>
                <item milesEnumId="567">TERMINATED</item>
            </filteritems>
        </DEFAULT>

        <accountmanager>
            <filteritems>
                <item milesEnumId="566,567,2664,1295">ALL_STATUSES</item>
                <item defaultSelected="true" milesEnumId="566,2664">RUNNING</item>
                <item milesEnumId="567">TERMINATED</item>
            </filteritems>
            <allowedactions>
                <action>view</action>
                <action restrictedToEnumId="565,566,2664">change_costcenter</action>
                <action restrictedToEnumId="566,2664">register_incident</action>
                <action restrictedToEnumId="566,2664">register_odometer</action>
            </allowedactions>
        </accountmanager>
        <dealer>
            <filteritems>
                <item milesEnumId="565,566,567,1295,2664,100215,100216,100217,100246,300209">ALL_STATUSES</item>
                <item defaultSelected="true" milesEnumId="566,2664,100246">RUNNING</item>
                <item milesEnumId="565,100215,100216,100217,300209">INITIALIZED</item>
                <item milesEnumId="567">TERMINATED</item>
            </filteritems>
            <allowedactions>
                <action>view</action>
                <!-- 
                    Temporarily disabled until a contract template document and printing service has been implemented
                    <action restrictedToEnumId="566,2664,100246">print</action>
                -->
                <action restrictedToEnumId="566,2664,100246">refinance_balloon</action>
                <action restrictedToEnumId="566,2664,100246">early_termination</action>
            </allowedactions>
        </dealer>
        <dealermanager>
            <filteritems>
                <item milesEnumId="565,566,567,1295,2664,100215,100216,100217,100246,300209">ALL_STATUSES</item>
                <item defaultSelected="true" milesEnumId="566,2664,100246">RUNNING</item>
                <item milesEnumId="565,100215,100216,100217,300209">INITIALIZED</item>
                <item milesEnumId="567">TERMINATED</item>
            </filteritems>
            <allowedactions>
                <action>view</action>
                <!-- 
                    Temporarily disabled until a contract template document and printing service has been implemented
                    <action restrictedToEnumId="566,2664,100246">print</action>
                -->
                <action restrictedToEnumId="566,2664,100246">refinance_balloon</action>
                <action restrictedToEnumId="566,2664,100246">early_termination</action>
            </allowedactions>
        </dealermanager>
        <broker>
            <filteritems>
                <item milesEnumId="565,566,567,1295,2664,100215,100216,100217,100246,300209">ALL_STATUSES</item>
                <item defaultSelected="true" milesEnumId="566,2664,100246">RUNNING</item>
                <item milesEnumId="565,100215,100216,100217,300209">INITIALIZED</item>
                <item milesEnumId="567">TERMINATED</item>
            </filteritems>
            <allowedactions>
                <action>view</action>
                <!-- 
                    Temporarily disabled until a contract template document and printing service has been implemented
                    <action restrictedToEnumId="566,2664,100246">print</action>
                -->
                <action restrictedToEnumId="566,2664,100246">refinance_balloon</action>
                <action restrictedToEnumId="566,2664,100246">early_termination</action>
            </allowedactions>
        </broker>
        <brokermanager>
            <filteritems>
                <item milesEnumId="565,566,567,1295,2664,100215,100216,100217,100246,300209">ALL_STATUSES</item>
                <item defaultSelected="true" milesEnumId="566,2664,100246">RUNNING</item>
                <item milesEnumId="565,100215,100216,100217,300209">INITIALIZED</item>
                <item milesEnumId="567">TERMINATED</item>
            </filteritems>
            <allowedactions>
                <action>view</action>
                <!-- 
                    Temporarily disabled until a contract template document and printing service has been implemented
                    <action restrictedToEnumId="566,2664,100246">print</action>
                -->
                <action restrictedToEnumId="566,2664,100246">refinance_balloon</action>
                <action restrictedToEnumId="566,2664,100246">early_termination</action>
            </allowedactions>
        </brokermanager>
    </ContractStatus>

    <FleetVehicleStatus>
        <DEFAULT>
            <filteritems>
                <item defaultSelected="true" milesEnumId="400690, 470, 400691">ALL_STATUSES</item>
                <item milesEnumId="400690">REGISTRATIONPROCESS</item>
                <item milesEnumId="470">AVAILABLEFORUSE</item>
                <item milesEnumId="400691">READYFORDELIVERY</item>
            </filteritems>
        </DEFAULT>
    </FleetVehicleStatus>

    <ServiceType>
        <DEFAULT>
            <filteritems>
                <item defaultSelected="true" milesEnumId="100033, 100034, 100035, 100036, 100380, 427, 426">ALL_STATUSES</item>
                <item milesEnumId="427, 100380">FUEL</item>
                <item milesEnumId="426">RELIEFVEHICLE</item>
                <item milesEnumId="100033,100036">REPAIRMAINTENANCE</item>
                <item milesEnumId="100034,100035">TYRES</item>
            </filteritems>
        </DEFAULT>
    </ServiceType>
    
    <OrderStatus>
        <DEFAULT>
            <filteritems>
                <item defaultSelected="true" milesEnumId="301, 302, 303, 306, 2591">ALL_STATUSES</item>
                <item milesEnumId="306">WAITINGFORAPPROVAL</item>
                <item milesEnumId="303,2591">APPROVED</item>
                <item milesEnumId="302">CONFIRMED</item>
                <item milesEnumId="301">CANCELED</item>
            </filteritems>
            <allowedactions>
                <action>view</action>
                <action restrictedToEnumId="302">changedeliverydate</action>
                <action restrictedToEnumId="303,2591">confirm</action>
            </allowedactions>
        </DEFAULT>
    </OrderStatus>

    <BillingOverview>
        <DEFAULT>
            <servicetype_filteritems>
                <item defaultSelected="true" milesEnumId="100033,100034,100035,100036,100380,427,426">ALL</item>
                <item milesEnumId="427, 100380">FUEL</item>
                <item milesEnumId="426">RELIEFVEHICLE</item>
                <item milesEnumId="100033,100036">REPAIRMAINTENANCE</item>
                <item milesEnumId="100034,100035">TYRES</item>
            </servicetype_filteritems>
            <type_filteritems>
                <item defaultSelected="true" milesEnumId="797,1450,1445,450,1443,1444">ALL</item>
                <item milesEnumId="450,1443,1444">CONTRACT_BILLING</item>
                <item milesEnumId="797,1450,1445">CONTRACT_MODIFICATION</item>
            </type_filteritems>
            <status_filteritems>
                <item defaultSelected="true" milesEnumId="1531,1532">ALL</item>
                <item milesEnumId="1531">TO_BE_INVOICED</item>
                <item milesEnumId="1532">INVOICED</item>
            </status_filteritems>
        </DEFAULT>
    </BillingOverview>

</webmappings-configuration>
