<WebProperties>

	<!-- STANDARD MILES BE CONFIGURATION PROPERTIES FOR MWS LAYER -->

	<!-- Quotation Settings -->
	<QUOTE_STATE_INITIAL>100041</QUOTE_STATE_INITIAL>
	<QUOTE_STATE_CALCULATED>100042</QUOTE_STATE_CALCULATED>
	<QUOTE_STATE_CALCULATED_W_ERROR>100043</QUOTE_STATE_CALCULATED_W_ERROR>
	<QUOTE_STATE_SAVED>100044</QUOTE_STATE_SAVED>
	<QUOTE_STATE_ORDERED_FM>21</QUOTE_STATE_ORDERED_FM>
	<QUOTE_STATE_ORDERED_DR>100038</QUOTE_STATE_ORDERED_DR>
	<QUOTE_STATE_REJECTED_FM>100039</QUOTE_STATE_REJECTED_FM>
	<QUOTE_STATE_ORDERED_BR>21</QUOTE_STATE_ORDERED_BR>
	<QUOTE_STATE_OBSOLETE>100051</QUOTE_STATE_OBSOLETE>
	<QUOTE_STATE_CANCELLED>100045</QUOTE_STATE_CANCELLED>
	<QUOTE_STATE_ORDERED_DL>21</QUOTE_STATE_ORDERED_DL>

	<OPTION_VAT_ID>100002</OPTION_VAT_ID>
	<OPTION_TYPE_FREE_OPTION_VAT_ENUMID>100002</OPTION_TYPE_FREE_OPTION_VAT_ENUMID>
	<ACCESSOIRE_VAT_ID>100002</ACCESSOIRE_VAT_ID>
	<OPTION_TYPE_FREE_ACCESSOIRE_VAT_ENUMID>100002</OPTION_TYPE_FREE_ACCESSOIRE_VAT_ENUMID>

	<OPTION_FREE_ACCESSOIRE_GENERIC_ID>100008</OPTION_FREE_ACCESSOIRE_GENERIC_ID>
	<OPTION_FREE_OPTION_GENERIC_ID>7</OPTION_FREE_OPTION_GENERIC_ID>

	<OPTION_FILTER_OPTIONS>620|1383|1457</OPTION_FILTER_OPTIONS>
	<OPTION_FILTER_ACCESSOIRES>621</OPTION_FILTER_ACCESSOIRES>
	<OPTION_FILTER_COLOURS>622</OPTION_FILTER_COLOURS>
	<OPTION_FILTER_UPHOLSTRY>623</OPTION_FILTER_UPHOLSTRY>
	<OPTION_TYPE_FREE_OPTION>620</OPTION_TYPE_FREE_OPTION>
	<OPTION_TYPE_FREE_ACCESSOIRE>621</OPTION_TYPE_FREE_ACCESSOIRE>
	<OPTION_FILTER_TYPE_EXCLUDE></OPTION_FILTER_TYPE_EXCLUDE>

	<CATALOGVEHICLE_STATUS>100011</CATALOGVEHICLE_STATUS>
	<CATALOGVEHICLE_USEDVEHICLE_STATUS>100011|100012</CATALOGVEHICLE_USEDVEHICLE_STATUS>

	<VEHICLE_FILTER_TRANS_MAN>100137|100138|100139|100140|100141</VEHICLE_FILTER_TRANS_MAN>
	<VEHICLE_FILTER_TRANS_AUTO>100125|100126|100127|100128|100129|100130|100131|100132|100133|100134|100135|100136|100142|100143|100144|100145</VEHICLE_FILTER_TRANS_AUTO>

	<PROP_VEHICLEORDER_CONFIRMED_STATE>302</PROP_VEHICLEORDER_CONFIRMED_STATE>

	<EXCLUDED_QUOTATIONTEMPLATES></EXCLUDED_QUOTATIONTEMPLATES>

	<!-- CRM Settings -->
	<EMAIL_CORR_IRTYPE>6</EMAIL_CORR_IRTYPE>
	<EMAIL_FACT_IRTYPE></EMAIL_FACT_IRTYPE>

	<PHONE_TYPE_HOME></PHONE_TYPE_HOME>
	<PHONE_TYPE_WORK></PHONE_TYPE_WORK>
	<PHONE_TYPE_CELL>4</PHONE_TYPE_CELL>
	<PHONE_TYPE_FAX>5</PHONE_TYPE_FAX>

	<REGISTER_DEFAULT_LSCOMPANY>1</REGISTER_DEFAULT_LSCOMPANY>
	<REGISTER_DEFAULT_LANGUAGE>1</REGISTER_DEFAULT_LANGUAGE>
	<REGISTER_DEFAULT_CURRENCY>1</REGISTER_DEFAULT_CURRENCY>
	<REGISTER_DEFAULT_USER_ROLE_IDS>1</REGISTER_DEFAULT_USER_ROLE_IDS>
	<REGISTER_DEFAULT_LEGALENTITY>100001</REGISTER_DEFAULT_LEGALENTITY>
	<DEFAULT_COUNTRY>19</DEFAULT_COUNTRY>

	<PROP_DRIVER_DEF_LICENSE_TYPE></PROP_DRIVER_DEF_LICENSE_TYPE>

	<!-- Contract Settings -->
	<WORKFLOW_CONTRACT_TAKEOVER></WORKFLOW_CONTRACT_TAKEOVER>


	<!-- Optional (not used for DL) -->
	<VEHICLE_BPM_PERCENTAGE></VEHICLE_BPM_PERCENTAGE>

	<OPTION_COLOUR_SEQ_1_TYPE></OPTION_COLOUR_SEQ_1_TYPE>
	<OPTION_COLOUR_SEQ_2_TYPE></OPTION_COLOUR_SEQ_2_TYPE>
	<OPTION_COLOUR_SEQ_3_TYPE></OPTION_COLOUR_SEQ_3_TYPE>

	<PC_FUEL_PROVISION>100017</PC_FUEL_PROVISION>

	<SRAID_DRIVER_ALLOWED_TO_QUOTE></SRAID_DRIVER_ALLOWED_TO_QUOTE>

	<WORKFLOW_CONTRACT_END></WORKFLOW_CONTRACT_END>
	<WORKFLOW_CONTRACT_CHANGE></WORKFLOW_CONTRACT_CHANGE>
	<WORKFLOW_SHORT_TERM></WORKFLOW_SHORT_TERM>

	<ST_VEHICLE_DESCRIPTIONS_LT_ID></ST_VEHICLE_DESCRIPTIONS_LT_ID>
	<ST_RESERVATION_CALCULATE>true</ST_RESERVATION_CALCULATE>
	<PROP_ST_EXTEND_RESERVATION_STATE_ID></PROP_ST_EXTEND_RESERVATION_STATE_ID>

	<PROP_QTVALIDATION_ORIGIN_VEHICLE_MLID></PROP_QTVALIDATION_ORIGIN_VEHICLE_MLID>
	<PROP_QTVALIDATION_ORIGIN_PRODUCT_MLID></PROP_QTVALIDATION_ORIGIN_PRODUCT_MLID>
	<PROP_QTVALIDATION_ORIGIN_QUOTATION_TEMPLATE_MLID></PROP_QTVALIDATION_ORIGIN_QUOTATION_TEMPLATE_MLID>
	<PROP_QTVALIDATION_ORIGIN_REQUEST_TEMPLATE_MLID></PROP_QTVALIDATION_ORIGIN_REQUEST_TEMPLATE_MLID>
	<PROP_QTVALIDATION_ORIGIN_PRODUCTCOMPONENT_MLID></PROP_QTVALIDATION_ORIGIN_PRODUCTCOMPONENT_MLID>

	<PROP_QTVALIDATION_ERRTYPE_MANDATORY_MISSING_MLID></PROP_QTVALIDATION_ERRTYPE_MANDATORY_MISSING_MLID>
	<PROP_QTVALIDATION_ERRTYPE_MULTIPLE_OCCURANCE_MLID></PROP_QTVALIDATION_ERRTYPE_MULTIPLE_OCCURANCE_MLID>
	<PROP_QTVALIDATION_ERRTYPE_INCOMPLETE_OPTION_PACK_MLID></PROP_QTVALIDATION_ERRTYPE_INCOMPLETE_OPTION_PACK_MLID>
	<PROP_QTVALIDATION_ERRTYPE_TEMPLATE_RULE_VIOLATION_MLID></PROP_QTVALIDATION_ERRTYPE_TEMPLATE_RULE_VIOLATION_MLID>
	<PROP_QTVALIDATION_ERRTYPE_TEMPLATE_RULE_WARNING_MLID></PROP_QTVALIDATION_ERRTYPE_TEMPLATE_RULE_WARNING_MLID>

	<CATALOGVEHICLE_DYNPROP_SRAIDS></CATALOGVEHICLE_DYNPROP_SRAIDS>

	<COMPANY_ADDRESS_POST_ADDRESSLABEL>910</COMPANY_ADDRESS_POST_ADDRESSLABEL>
	<COMPANY_ADDRESS_VISIT_ADDRESSLABEL>425780</COMPANY_ADDRESS_VISIT_ADDRESSLABEL>
	<COMPANY_ADDRESS_INVOICE_ADDRESSLABEL>161</COMPANY_ADDRESS_INVOICE_ADDRESSLABEL>

	<COMPANY_PHONE_TYPE_PRIMARY>3</COMPANY_PHONE_TYPE_PRIMARY>
	<COMPANY_PHONE_TYPE_SECONDARY>4</COMPANY_PHONE_TYPE_SECONDARY>
	<COMPANY_PHONE_TYPE_FAX>5</COMPANY_PHONE_TYPE_FAX>

	<!-- Configure a comma delimited list of user role ids to indicate which ones are ADMINs -->
	<USER_ADMIN_ROLE_IDS>475003</USER_ADMIN_ROLE_IDS>
	<QUOTE_STATE_ESCALATED>100607</QUOTE_STATE_ESCALATED>
	<!-- Accountability Type Enum ID to resolve cluster dealers -->
	<CLUSTER_DEALER_ACCOUNTABILITY_TYPE_ID>175004</CLUSTER_DEALER_ACCOUNTABILITY_TYPE_ID>

	<!-- Secret key for trusted logon -->
	<TRUSTED_LOGON_SECRET>MRIMILESWEB</TRUSTED_LOGON_SECRET>

</WebProperties>
