<?xml version="1.0" encoding="UTF-8" ?>
<!DOCTYPE log4j:configuration SYSTEM "dtd/log4j.dtd">
<log4j:configuration xmlns:log4j="http://jakarta.apache.org/log4j/" debug="false">
	<appender name="LogAppender" class="org.apache.log4j.RollingFileAppender">
		<param name="File" value="/data/se/logs/web/fleet_web.log"/>
		<param name="MaxFileSize" value="10000KB"/>
		<param name="MaxBackupIndex" value="10"/>
		<param name="Encoding" value="UTF-8" />
		<layout class="org.apache.log4j.PatternLayout">
			<param name="ConversionPattern" value="%d %p	 %c %m %n"/>
		</layout>
	</appender>

	<appender name="TranslationAppender" class="org.apache.log4j.RollingFileAppender">
		<param name="File" value="/data/se/logs/web/fleet_translations.log"/>
		<param name="MaxFileSize" value="10000KB"/>
		<param name="MaxBackupIndex" value="5"/>
		<param name="Encoding" value="UTF-8" />
		<layout class="org.apache.log4j.PatternLayout">
			<param name="ConversionPattern" value="%d %p	 %c %m %n"/>
		</layout>
	</appender>

	<appender name="PolicyAppender" class="org.apache.log4j.RollingFileAppender">
		<param name="File" value="/data/se/logs/web/fleet_policy.log"/>
		<param name="MaxFileSize" value="10000KB"/>
		<param name="MaxBackupIndex" value="5"/>
		<param name="Encoding" value="UTF-8" />
		<layout class="org.apache.log4j.PatternLayout">
			<param name="ConversionPattern" value="%d %p	 %c %m %n"/>
		</layout>
	</appender>
	
	<appender name="JasperAppender" class="org.apache.log4j.RollingFileAppender">
		<param name="File" value="/data/se/logs/web/fleet_jasper.log"/>
		<param name="MaxFileSize" value="10000KB"/>
		<param name="MaxBackupIndex" value="5"/>
		<param name="Encoding" value="UTF-8" />
		<layout class="org.apache.log4j.PatternLayout">
			<param name="ConversionPattern" value="%d %p	 %c %m %n"/>
		</layout>
	</appender>
    
	<appender name="WarnAppender" class="org.apache.log4j.RollingFileAppender">
		<param name="File" value="/data/se/logs/web/fleet_warn.log"/>
		<param name="Threshold" value="warn"/>
		<param name="MaxFileSize" value="10000KB"/>
		<param name="MaxBackupIndex" value="10"/>
		<param name="Encoding" value="UTF-8" />
		<layout class="org.apache.log4j.PatternLayout">
			<param name="ConversionPattern" value="%d %p	 %c %m %n"/>
		</layout>
	</appender>

	<appender name="WSAppender" class="org.apache.log4j.RollingFileAppender">
		<param name="File" value="/data/se/logs/web/fleet_milesws.log"/>
		<param name="MaxFileSize" value="10000KB"/>
		<param name="MaxBackupIndex" value="10"/>
		<param name="Encoding" value="UTF-8" />
		<layout class="org.apache.log4j.PatternLayout">
			<param name="ConversionPattern" value="%d %p	 %c %m %n"/>
		</layout>
	</appender>

	<appender name="AccessAppender" class="org.apache.log4j.RollingFileAppender">
		<param name="File" value="/data/se/logs/web/fleet_access.log"/>
		<param name="MaxFileSize" value="10000KB"/>
		<param name="MaxBackupIndex" value="5"/>
		<param name="Encoding" value="UTF-8" />
		<layout class="org.apache.log4j.PatternLayout">
			<param name="ConversionPattern" value="%d %p	 %c %m %n"/>
		</layout>
	</appender>
	
	<appender name="ConsoleAppender" class="org.apache.log4j.ConsoleAppender">
		<param name="Threshold" value="warn"/>
		<param name="Target" value="System.err"/>
		<layout class="org.apache.log4j.PatternLayout">
			<param name="ConversionPattern" value="%d{yyyy-MM-dd HH:mm:ss} %-5p %c{1}:%L - %m%n" />
	    </layout>
	</appender>
    
	<logger name="be.sofico.api.ws">
		<level value="DEBUG" />
		<appender-ref ref="WSAppender" />
	</logger>
	
	<logger name="org.jboss.weld">
		<level value="all" />
		<appender-ref ref="LogAppender" />
	</logger>
	
	<logger name="be.sofico.web">
		<level value="DEBUG" />
		<appender-ref ref="LogAppender" />
	</logger>

	<logger name="be.sofico.web.frmwrk.mgbean.Messages" additivity="false">
		<level value="DEBUG" />
		<appender-ref ref="TranslationAppender" />
	</logger>
	
	<logger name="be.sofico.web.frmwrk.bundle.XmlResourceBundle" additivity="false">
		<level value="DEBUG" />
		<appender-ref ref="TranslationAppender" />
	</logger>

	<logger name="be.sofico.web.frmwrk.application.PolicyController" additivity="false">
		<level value="DEBUG" />
		<appender-ref ref="PolicyAppender" />
	</logger>
	
	<logger name="org.apache">
		<level value="DEBUG" />
		<appender-ref ref="LogAppender" />
	</logger>
	
	<logger name="javax.enterprise.resource">
		<level value="DEBUG"/>
		<appender-ref ref="LogAppender" />
	</logger>
	
	<logger name="net.sf.jasperreports">
		<level value="DEBUG" />
		<appender-ref ref="JasperAppender" />
	</logger>
	
	<logger name="javax.faces">
		<level value="DEBUG" />
		<appender-ref ref="LogAppender" />
	</logger>

	<logger name="com.sun.faces">
		<level value="DEBUG"/>
		<appender-ref ref="LogAppender" />
	</logger>
	
	<logger name="AccessLog" additivity="false">
		<level value="DEBUG"/>
		<appender-ref ref="AccessAppender" />
	</logger>
	
	<root>
		<appender-ref ref="WarnAppender" />
		<appender-ref ref="ConsoleAppender" />
	</root>
</log4j:configuration>