<ProductConfigurationMapping>
    <!--
        Define the product configuration options for the web client.
        Reset the Miles server cache to take changes into account.


    SAMPLE CONFIGURATION ELEMENT

    <ProductConfiguration>     - Defines the config options for a given product
        <productId/>           - Maps the related product
        <reference/>           - User defined reference, allows client identification of the product and can be used in the translation.props

        <ProductSetting_Set>   - Defines all config settings that will be visible for the client

        <ProductSetting>
        <reference/>           - User defined reference, allows client identification of the product setting and can be used in the translation.props
        <attTypeId/>           - Defines the SysRepAttributeType (enumeration) that contains the possible choices
        <pcIds/>               - List of product components that are always added to the service

        <ComponentMapping_Set>
        <ComponentMapping>
        <id/>                  - Maps the enumeration id of the choice
        <pcIds/>               - List of product components to be added/removed when the choice is selected/deselected
        <pcIds condition="" /> - List of product components to be added/removed when the choice is selected/deselected
                                 but only when the condition is met (the condition is a | delimitted list of component ids)
        </ComponentMapping>
        </ComponentMapping_Set>

        <QualifierSetting_Set>
			<QualifierSetting>
				<reference>ABC</reference>    - A reference to recognize the qualifier on the client [a-zA-Z0-9_]
				<index>0</index>              - The index of the qualifier: 1,2,3  (REQ)
				<condition></condition>       - The IDs of the component mappings that enable this qualifier configuration (REQ) Empty condition means applicable for all
				<pcIds></pcIds>               - The component ids that contain the qualifier
				<attTypeId>450003</attTypeId> - The attribute type which models the possible choices for this qualifier (REQ)
				<minValue></minValue>
				<maxValue></maxValue>
				<defaultValue></defaultValue> - Applicable for enum and non enum items
				<required></required>
				<QualifierMapping_Set>		  - Contains mapping between the selected value from the referenced enumeration and the
								                value applied on the actual qualifier in Miles, only when an attribute type of the
								                type enumeration is used in the attTypeId field
					<QualifierMapping>
						<id></id>		      - Enum ID
						<value></value>	      - Value
					</QualifierMapping>
				</QualifierMapping_Set>
			</QualifierSetting>
		</QualifierSetting_Set>

        </ProductSetting>

        </ProductSetting_Set>

		<PricingDetail_Set attTypeId="1235"> - Defines the attribute type of the enumeration list which contains the labels for the price detail items
			<PricingDetail>
				<pcIds/> 	 - The components to add to create the price totals (when none of these components are selected, the price detail will be ommited)
				<reference/> - User defined reference, allows client identifictaion of the price detail
				<id/> 		 - Enumeration ID which contains the label for this item
				<editable/>  - When true => Value can be altered
				<dynamic/>   - When true => component will be removed when no edit value is present
				<sraId/>     - LeaseServiceComponent / upfront / Mcurrency
				<category/>  - Used to group items with the same category
				<freeText/>  - When true => component description (label) will be updateable
			</PricingDetail>
		</PricingDetail_Set>

    </ProductConfiguration>
    -->
	
	<!--  TEST_ACLUK FLEET-->

    <ProductConfiguration>
        <productId>400001</productId>
        <reference>Operating Lease</reference>
        <ProductSetting_Set>
            <ProductSetting>
                <reference>RFL_SUBSEQUENT_YEARS</reference>
                <attTypeId>100088</attTypeId>
                <ComponentMapping_Set>
                    <ComponentMapping>
                        <id>100617</id> <!-- Road tax Included -->
                        <pcIds>400001|100018|325002|325003</pcIds> <!-- Road Tax Service, Road Tax Handling Fee -->
                    </ComponentMapping> 
                    <ComponentMapping>
                        <id>400108</id>  <!--No Road Tax -->
                        <pcIds></pcIds> 
                    </ComponentMapping>
                </ComponentMapping_Set>
            </ProductSetting>
        </ProductSetting_Set>
<!--		<PricingDetail_Set attTypeId="100083"> 
		    <PricingDetail>
				<pcIds>400013</pcIds>  Document_Fee -->
<!--	       		<reference>Document_Fee</reference>
				<id>175005</id> 
				<editable/>
                <dynamic>false</dynamic>				
				<sraId/>     
				<category/>
				<freeText/>  
			</PricingDetail>
		</PricingDetail_Set> -->
	</ProductConfiguration>
    
    <ProductConfiguration>
        <productId>100002</productId>
        <reference>Operating Lease with services</reference>
        <ProductSetting_Set>
            <ProductSetting>
                <reference>RFL_SUBSEQUENT_YEARS</reference>
                <attTypeId>100088</attTypeId>
                <ComponentMapping_Set>
                    <ComponentMapping>
                        <id>100617</id> <!-- Road tax Included -->
                        <pcIds>100010|100018|325002|325003</pcIds> <!-- Road Tax Service, Road Tax Handling Fee -->
                    </ComponentMapping> 
                    <ComponentMapping>
                        <id>400108</id>  <!--No Road Tax -->
                        <pcIds></pcIds> 
                    </ComponentMapping>
                </ComponentMapping_Set>
            </ProductSetting>
            <ProductSetting>
                <reference>REPAIR_MAINTENANCE</reference>
                <attTypeId>100075</attTypeId>
                <ComponentMapping_Set>
                    <ComponentMapping>
                        <id>100351</id> <!-- RMT closed with MOT -->
                        <pcIds>100010|100025|100026|100014|100031|100029|100038|100039</pcIds> <!-- Repair and Maintenance (closed), RM Handling Fee, MOT service, MOT Handling Fee-->
                    </ComponentMapping>
                    <ComponentMapping>
                        <id>100418</id> <!-- RMT open with MOT -->
                        <pcIds>100010|100025|100026|100030|100031|100029|100038|100039</pcIds> <!-- Repair and Maintenance (open), RM Handling Fee, MOT service, MOT Handling Fee-->
                    </ComponentMapping>					
                    <ComponentMapping>
                        <id>100420</id>  <!--No RMT -->
                        <pcIds></pcIds> 
                    </ComponentMapping>
                    <ComponentMapping>
                        <id>600390</id> <!-- RMT at full customer risk -->
                        <pcIds>100010|100025|600027|600024</pcIds> <!-- Fee on RMT at full customer risk -->
                    </ComponentMapping>					
                </ComponentMapping_Set>
            </ProductSetting>
            <ProductSetting>
                <reference>TYRES</reference>
                <attTypeId>100070</attTypeId>
                <ComponentMapping_Set>
                    <ComponentMapping>
                        <id>100331</id> <!-- Tyres closed -->
                        <pcIds>100010|100025|100027|100032|100034</pcIds> <!-- Tyres (closed), Tyres Handling Fee-->
                    </ComponentMapping>
                    <ComponentMapping>
                        <id>100354</id> <!-- Tyres open -->
                        <pcIds>100010|100025|100027|100033|100034</pcIds> <!-- Tyres (open), Tyres Handling Fee-->
                    </ComponentMapping>
                    <ComponentMapping>
                        <id>100338</id>  <!--No Tyres -->
                        <pcIds></pcIds> 
                    </ComponentMapping>
                </ComponentMapping_Set>
            </ProductSetting>			
            <ProductSetting>
                <reference>ROADSIDEASSISTANCE</reference>
                <attTypeId>100071</attTypeId>
                <ComponentMapping_Set>
                    <ComponentMapping>
                        <id>100339</id> <!-- RSA included -->
                        <pcIds>100010|100021|400020|100024</pcIds> <!-- RSA (AA), RSA Handling fee  -->
                    </ComponentMapping> 
                    <ComponentMapping>
                        <id>100340</id>  <!--No RSA -->
                        <pcIds></pcIds> 
                    </ComponentMapping>
                </ComponentMapping_Set>
            </ProductSetting>  
            <ProductSetting>
                <reference>RELIEFVEHICLE</reference>
                <attTypeId>100072</attTypeId>
                <ComponentMapping_Set>
                    <ComponentMapping>
                        <id>100342</id> <!-- Relief vehicle (closed) -->
                        <pcIds>100010|100025|100052|100056|100058</pcIds> <!-- Relief vehicle (Closed), Relief vehicle Handling Fee  -->
                    </ComponentMapping>
                  <ComponentMapping>
                        <id>100353</id> <!-- Relief vehicle (open) -->
                        <pcIds>100010|100025|100052|100057|100058</pcIds> <!-- Relief vehicle (Open), Relief vehicle Handling Fee  -->
                    </ComponentMapping>					
                    <ComponentMapping>
                        <id>100343</id>  <!--No Relief vehicle -->
                        <pcIds></pcIds> 
                    </ComponentMapping>
                </ComponentMapping_Set>
            </ProductSetting>
            <ProductSetting>  
                <reference>ACCIDENT_MANAGEMENT</reference>
                <attTypeId>400016</attTypeId>
                <ComponentMapping_Set>
                    <ComponentMapping>
                        <id>400141</id> <!-- ACCIDENT_MANAGEMENT Included -->
                        <pcIds>100010|100040|600004</pcIds> <!-- ACCIDENT_MANAGEMENT  -->
                    </ComponentMapping> 
                    <ComponentMapping>
                        <id>400142</id>  <!--No ACCIDENT_MANAGEMENT -->
                        <pcIds></pcIds> 
                    </ComponentMapping>
                </ComponentMapping_Set>
            </ProductSetting>
<!--            <ProductSetting>  
                <reference>FUEL</reference>
                <attTypeId>100074</attTypeId>
                <ComponentMapping_Set>
                    <ComponentMapping>
                        <id>600352</id> - Fuel card BP -
                        <pcIds>100010|400016|400019</pcIds> - Fuel unmanaged, Fuel card BP  -
                    </ComponentMapping>
                    <ComponentMapping>
                        <id>600353</id> - Fuel card Q8 -
                        <pcIds>100010|400016|400017</pcIds> - Fuel unmanaged, Fuel card Q8  -
                    </ComponentMapping> 
                    <ComponentMapping>
                        <id>600354</id> - Fuel card Shell -
                        <pcIds>100010|400016|400018</pcIds> - Fuel unmanaged, Fuel card Shell  -
                    </ComponentMapping> 
                    <ComponentMapping>
                        <id>600355</id> - Fuel card All Star -
                        <pcIds>100010|400016|100061</pcIds> - Fuel unmanaged, Fuel card All Star  -
                    </ComponentMapping> 
                    <ComponentMapping>
                        <id>100350</id>  -No Fuel card -
                        <pcIds></pcIds> 
                    </ComponentMapping>
                </ComponentMapping_Set>
            </ProductSetting> -->			
        </ProductSetting_Set>
		<PricingDetail_Set attTypeId="100083"> 
<!--		    <PricingDetail>
				<pcIds>400013</pcIds>  Document_Fee -->
<!--	       		<reference>Document_Fee<reference/>
				<id>175005</id> 
				<editable/>
                <dynamic>false</dynamic>				
				<sraId/>     
				<category/>
				<freeText/>  
			</PricingDetail> -->
		    <PricingDetail>
				<pcIds>100014|100030|600024</pcIds>  <!-- Repair and Maintenance (closed), Repair and Maintenance (open), SMR on full customer risk -->
	       		<reference>REPAIR_MAINTENANCE</reference>
				<id>100575</id> 
				<editable/>
                <dynamic>false</dynamic>				
				<sraId/>     
				<category/>
				<freeText/>  
			</PricingDetail>			
		    <PricingDetail>
				<pcIds>100033</pcIds>  <!-- Tyres (Open) -->
	       		<reference>TYRES</reference>
				<id>100572</id> 
				<editable/>
                <dynamic>false</dynamic>				
				<sraId/>     
				<category/>
				<freeText/>  
			</PricingDetail>			
		    <PricingDetail>
				<pcIds>100057</pcIds>  <!-- Relief (Open) -->
	       		<reference>RELIEF_VEHICLE</reference>
				<id>100574</id> 
				<editable/>
                <dynamic>false</dynamic>				
				<sraId/>     
				<category/>
				<freeText/>  
			</PricingDetail>			
		</PricingDetail_Set>		
	</ProductConfiguration>
	
    <ProductConfiguration>
        <productId>400003</productId>
        <reference>Financial Lease</reference>
        <ProductSetting_Set>
            <ProductSetting>
                <reference>RFL_SUBSEQUENT_YEARS</reference>
                <attTypeId>100088</attTypeId>
                <ComponentMapping_Set>
                    <ComponentMapping>
                        <id>100617</id> <!-- Road tax Included -->
                        <pcIds>400001|100018|325002|325003</pcIds> <!-- Road Tax Service, Road Tax Handling Fee -->
                    </ComponentMapping> 
                    <ComponentMapping>
                        <id>400108</id>  <!--No Road Tax -->
                        <pcIds></pcIds> 
                    </ComponentMapping>
                </ComponentMapping_Set>
            </ProductSetting>
        </ProductSetting_Set>
		<!--<PricingDetail_Set attTypeId="100083"> 
		    <PricingDetail>
				<pcIds>400013</pcIds>--><!-- Document_Fee -->
	       		<!--<reference>Document_Fee</reference>
				<id>175005</id> 
				<editable/>
                <dynamic>false</dynamic>				
				<sraId>655</sraId>     
				<category/>
				<freeText/>  
			</PricingDetail>
		</PricingDetail_Set>-->
	</ProductConfiguration>
    
    <ProductConfiguration>
        <productId>100003</productId>
        <reference>Financial Lease with services</reference>
        <ProductSetting_Set>
            <ProductSetting>
                <reference>RFL_SUBSEQUENT_YEARS</reference>
                <attTypeId>100088</attTypeId>
                <ComponentMapping_Set>
                    <ComponentMapping>
                        <id>100617</id> <!-- Road tax Included -->
                        <pcIds>100049|100018|325002|325003</pcIds> <!-- Road Tax Service, Road Tax Handling Fee -->
                    </ComponentMapping> 
                    <ComponentMapping>
                        <id>400108</id>  <!--No Road Tax -->
                        <pcIds></pcIds> 
                    </ComponentMapping>
                </ComponentMapping_Set>
            </ProductSetting>
            <ProductSetting>
                <reference>REPAIR_MAINTENANCE</reference>
                <attTypeId>100075</attTypeId>
                <ComponentMapping_Set>
                    <ComponentMapping>
                        <id>100351</id> <!-- RMT closed with MOT -->
                        <pcIds>100049|100025|100026|100014|100031|100029|100038|100039</pcIds> <!-- Repair and Maintenance (closed), RM Handling Fee, MOT service, MOT Handling Fee-->
                    </ComponentMapping>
                    <ComponentMapping>
                        <id>100418</id> <!-- RMT open with MOT -->
                        <pcIds>100049|100025|100026|100030|100031|100029|100038|100039</pcIds> <!-- Repair and Maintenance (open), RM Handling Fee, MOT service, MOT Handling Fee-->
                    </ComponentMapping>					
                    <ComponentMapping>
                        <id>100420</id>  <!--No RMT -->
                        <pcIds></pcIds> 
                    </ComponentMapping>
                    <ComponentMapping>
                        <id>600390</id> <!-- RMT at full customer risk -->
                        <pcIds>100049|100025|600027|600024</pcIds> <!-- Fee on RMT at full customer risk -->
                    </ComponentMapping>					
                </ComponentMapping_Set>
            </ProductSetting>
            <ProductSetting>
                <reference>TYRES</reference>
                <attTypeId>100070</attTypeId>
                <ComponentMapping_Set>
                    <ComponentMapping>
                        <id>100331</id> <!-- Tyres closed -->
                        <pcIds>100049|100025|100027|100032|100034</pcIds> <!-- Tyres (closed), Tyres Handling Fee-->
                    </ComponentMapping>
                    <ComponentMapping>
                        <id>100354</id> <!-- Tyres open -->
                        <pcIds>100049|100025|100027|100033|100034</pcIds> <!-- Tyres (open), Tyres Handling Fee-->
                    </ComponentMapping>
                    <ComponentMapping>
                        <id>100338</id>  <!--No Tyres -->
                        <pcIds></pcIds> 
                    </ComponentMapping>
                </ComponentMapping_Set>
            </ProductSetting>			
            <ProductSetting>
                <reference>ROADSIDEASSISTANCE</reference>
                <attTypeId>100071</attTypeId>
                <ComponentMapping_Set>
                    <ComponentMapping>
                        <id>100339</id> <!-- RSA included -->
                        <pcIds>100049|100021|400020|100024</pcIds> <!-- RSA (AA), RSA Handling fee  -->
                    </ComponentMapping> 
                    <ComponentMapping>
                        <id>100340</id>  <!--No RSA -->
                        <pcIds></pcIds> 
                    </ComponentMapping>
                </ComponentMapping_Set>
            </ProductSetting>  
            <ProductSetting>
                <reference>RELIEFVEHICLE</reference>
                <attTypeId>100072</attTypeId>
                <ComponentMapping_Set>
                    <ComponentMapping>
                        <id>100342</id> <!-- Relief vehicle (closed) -->
                        <pcIds>100049|100025|100052|100056|100058</pcIds> <!-- Relief vehicle (Closed), Relief vehicle Handling Fee  -->
                    </ComponentMapping>
                  <ComponentMapping>
                        <id>100353</id> <!-- Relief vehicle (open) -->
                        <pcIds>100049|100025|100052|100057|100058</pcIds> <!-- Relief vehicle (Open), Relief vehicle Handling Fee  -->
                    </ComponentMapping>					
                    <ComponentMapping>
                        <id>100343</id>  <!--No Relief vehicle -->
                        <pcIds></pcIds> 
                    </ComponentMapping>
                </ComponentMapping_Set>
            </ProductSetting>
            <ProductSetting>  
                <reference>ACCIDENT_MANAGEMENT</reference>
                <attTypeId>400016</attTypeId>
                <ComponentMapping_Set>
                    <ComponentMapping>
                        <id>400141</id> <!-- ACCIDENT_MANAGEMENT Included -->
                        <pcIds>100049|100040|600004</pcIds> <!-- ACCIDENT_MANAGEMENT  -->
                    </ComponentMapping> 
                    <ComponentMapping>
                        <id>400142</id>  <!--No ACCIDENT_MANAGEMENT -->
                        <pcIds></pcIds> 
                    </ComponentMapping>
                </ComponentMapping_Set>
            </ProductSetting>
<!--            <ProductSetting>  
                <reference>FUEL</reference>
                <attTypeId>100074</attTypeId>
                <ComponentMapping_Set>
                    <ComponentMapping>
                        <id>600352</id> - Fuel card BP -
                        <pcIds>100049|400016|400019</pcIds> - Fuel unmanaged, Fuel card BP  -
                    </ComponentMapping>
                    <ComponentMapping>
                        <id>600353</id> - Fuel card Q8 -
                        <pcIds>100049|400016|400017</pcIds> - Fuel unmanaged, Fuel card Q8  -
                    </ComponentMapping> 
                    <ComponentMapping>
                        <id>600354</id> - Fuel card Shell -
                        <pcIds>100049|400016|400018</pcIds> - Fuel unmanaged, Fuel card Shell  -
                    </ComponentMapping> 
                    <ComponentMapping>
                        <id>600355</id> - Fuel card All Star -
                        <pcIds>100049|400016|100061</pcIds> - Fuel unmanaged, Fuel card All Star  -
                    </ComponentMapping> 
                    <ComponentMapping>
                        <id>100350</id>  -No Fuel card -
                        <pcIds></pcIds> 
                    </ComponentMapping>
                </ComponentMapping_Set>
            </ProductSetting> -->			
        </ProductSetting_Set>
		<PricingDetail_Set attTypeId="100083"> 
<!--		    <PricingDetail>
				<pcIds>400013</pcIds>  Document_Fee -->
<!--	       		<reference>Document_Fee<reference/>
				<id>175005</id> 
				<editable/>
                <dynamic>false</dynamic>				
				<sraId/>     
				<category/>
				<freeText/>  
			</PricingDetail> -->
		    <PricingDetail>
				<pcIds>100014|100030|600024</pcIds>  <!-- Repair and Maintenance (closed), Repair and Maintenance (open), SMR on full customer risk -->
	       		<reference>REPAIR_MAINTENANCE</reference>
				<id>100575</id> 
				<editable/>
                <dynamic>false</dynamic>				
				<sraId/>     
				<category/>
				<freeText/>  
			</PricingDetail>			
		    <PricingDetail>
				<pcIds>100033</pcIds>  <!-- Tyres (Open) -->
	       		<reference>TYRES</reference>
				<id>100572</id> 
				<editable/>
                <dynamic>false</dynamic>				
				<sraId/>     
				<category/>
				<freeText/>  
			</PricingDetail>			
		    <PricingDetail>
				<pcIds>100057</pcIds>  <!-- Relief (Open) -->
	       		<reference>RELIEF_VEHICLE</reference>
				<id>100574</id> 
				<editable/>
                <dynamic>false</dynamic>				
				<sraId/>     
				<category/>
				<freeText/>  
			</PricingDetail>			
		</PricingDetail_Set>		
	</ProductConfiguration>
	
    <ProductConfiguration>
        <productId>400002</productId>
        <reference>Contract Purchase</reference>
        <ProductSetting_Set>
            <ProductSetting>
                <reference>RFL_SUBSEQUENT_YEARS</reference>
                <attTypeId>100088</attTypeId>
                <ComponentMapping_Set>
                    <ComponentMapping>
                        <id>100617</id> <!-- Road tax Included -->
                        <pcIds>400001|100018|325002|325003</pcIds> <!-- Road Tax Service, Road Tax Handling Fee -->
                    </ComponentMapping> 
                    <ComponentMapping>
                        <id>400108</id>  <!--No Road Tax -->
                        <pcIds></pcIds> 
                    </ComponentMapping>
                </ComponentMapping_Set>
            </ProductSetting>
        </ProductSetting_Set>
<!--		<PricingDetail_Set attTypeId="100083"> 
		    <PricingDetail>
				<pcIds>400013</pcIds>  Document_Fee -->
<!--	       		<reference>Document_Fee<reference/>
				<id>175005</id> 
				<editable/>
                <dynamic>false</dynamic>				
				<sraId/>     
				<category/>
				<freeText/>  
			</PricingDetail>
		</PricingDetail_Set> -->
	</ProductConfiguration>
    
    <ProductConfiguration>
        <productId>100010</productId>
        <reference>Contract Purchase with services</reference>
        <ProductSetting_Set>
            <ProductSetting>
                <reference>RFL_SUBSEQUENT_YEARS</reference>
                <attTypeId>100088</attTypeId>
                <ComponentMapping_Set>
                    <ComponentMapping>
                        <id>100617</id> <!-- Road tax Included -->
                        <pcIds>100010|100018|325002|325003</pcIds> <!-- Road Tax Service, Road Tax Handling Fee -->
                    </ComponentMapping> 
                    <ComponentMapping>
                        <id>400108</id>  <!--No Road Tax -->
                        <pcIds></pcIds> 
                    </ComponentMapping>
                </ComponentMapping_Set>
            </ProductSetting>
            <ProductSetting>
                <reference>REPAIR_MAINTENANCE</reference>
                <attTypeId>100075</attTypeId>
                <ComponentMapping_Set>
                    <ComponentMapping>
                        <id>100351</id> <!-- RMT closed with MOT -->
                        <pcIds>100010|100025|100026|100014|100031|100029|100038|100039</pcIds> <!-- Repair and Maintenance (closed), RM Handling Fee, MOT service, MOT Handling Fee-->
                    </ComponentMapping>
                    <ComponentMapping>
                        <id>100418</id> <!-- RMT open with MOT -->
                        <pcIds>100010|100025|100026|100030|100031|100029|100038|100039</pcIds> <!-- Repair and Maintenance (open), RM Handling Fee, MOT service, MOT Handling Fee-->
                    </ComponentMapping>					
                    <ComponentMapping>
                        <id>100420</id>  <!--No RMT -->
                        <pcIds></pcIds> 
                    </ComponentMapping>
                    <ComponentMapping>
                        <id>600390</id> <!-- RMT at full customer risk -->
                        <pcIds>100010|100025|600027|600024</pcIds> <!-- Fee on RMT at full customer risk -->
                    </ComponentMapping>					
                </ComponentMapping_Set>
            </ProductSetting>
            <ProductSetting>
                <reference>TYRES</reference>
                <attTypeId>100070</attTypeId>
                <ComponentMapping_Set>
                    <ComponentMapping>
                        <id>100331</id> <!-- Tyres closed -->
                        <pcIds>100010|100025|100027|100032|100034</pcIds> <!-- Tyres (closed), Tyres Handling Fee-->
                    </ComponentMapping>
                    <ComponentMapping>
                        <id>100354</id> <!-- Tyres open -->
                        <pcIds>100010|100025|100027|100033|100034</pcIds> <!-- Tyres (open), Tyres Handling Fee-->
                    </ComponentMapping>
                    <ComponentMapping>
                        <id>100338</id>  <!--No Tyres -->
                        <pcIds></pcIds> 
                    </ComponentMapping>
                </ComponentMapping_Set>
            </ProductSetting>			
            <ProductSetting>
                <reference>ROADSIDEASSISTANCE</reference>
                <attTypeId>100071</attTypeId>
                <ComponentMapping_Set>
                    <ComponentMapping>
                        <id>100339</id> <!-- RSA included -->
                        <pcIds>100010|100021|400020|100024</pcIds> <!-- RSA (AA), RSA Handling fee  -->
                    </ComponentMapping> 
                    <ComponentMapping>
                        <id>100340</id>  <!--No RSA -->
                        <pcIds></pcIds> 
                    </ComponentMapping>
                </ComponentMapping_Set>
            </ProductSetting>  
            <ProductSetting>
                <reference>RELIEFVEHICLE</reference>
                <attTypeId>100072</attTypeId>
                <ComponentMapping_Set>
                    <ComponentMapping>
                        <id>100342</id> <!-- Relief vehicle (closed) -->
                        <pcIds>100010|100025|100052|100056|100058</pcIds> <!-- Relief vehicle (Closed), Relief vehicle Handling Fee  -->
                    </ComponentMapping>
                  <ComponentMapping>
                        <id>100353</id> <!-- Relief vehicle (open) -->
                        <pcIds>100010|100025|100052|100057|100058</pcIds> <!-- Relief vehicle (Open), Relief vehicle Handling Fee  -->
                    </ComponentMapping>					
                    <ComponentMapping>
                        <id>100343</id>  <!--No Relief vehicle -->
                        <pcIds></pcIds> 
                    </ComponentMapping>
                </ComponentMapping_Set>
            </ProductSetting>
            <ProductSetting>  
                <reference>ACCIDENT_MANAGEMENT</reference>
                <attTypeId>400016</attTypeId>
                <ComponentMapping_Set>
                    <ComponentMapping>
                        <id>400141</id> <!-- ACCIDENT_MANAGEMENT Included -->
                        <pcIds>100010|100040|600004</pcIds> <!-- ACCIDENT_MANAGEMENT  -->
                    </ComponentMapping> 
                    <ComponentMapping>
                        <id>400142</id>  <!--No ACCIDENT_MANAGEMENT -->
                        <pcIds></pcIds> 
                    </ComponentMapping>
                </ComponentMapping_Set>
            </ProductSetting>
<!--            <ProductSetting>  
                <reference>FUEL</reference>
                <attTypeId>100074</attTypeId>
                <ComponentMapping_Set>
                    <ComponentMapping>
                        <id>600352</id> - Fuel card BP -
                        <pcIds>100010|400016|400019</pcIds> - Fuel unmanaged, Fuel card BP  -
                    </ComponentMapping>
                    <ComponentMapping>
                        <id>600353</id> - Fuel card Q8 -
                        <pcIds>100010|400016|400017</pcIds> - Fuel unmanaged, Fuel card Q8  -
                    </ComponentMapping> 
                    <ComponentMapping>
                        <id>600354</id> - Fuel card Shell -
                        <pcIds>100010|400016|400018</pcIds> - Fuel unmanaged, Fuel card Shell  -
                    </ComponentMapping> 
                    <ComponentMapping>
                        <id>600355</id> - Fuel card All Star -
                        <pcIds>100010|400016|100061</pcIds> - Fuel unmanaged, Fuel card All Star  -
                    </ComponentMapping> 
                    <ComponentMapping>
                        <id>100350</id>  -No Fuel card -
                        <pcIds></pcIds> 
                    </ComponentMapping>
                </ComponentMapping_Set>
            </ProductSetting> -->			
        </ProductSetting_Set>
		<PricingDetail_Set attTypeId="100083"> 
<!--		    <PricingDetail>
				<pcIds>400013</pcIds>  Document_Fee -->
<!--	       		<reference>Document_Fee<reference/>
				<id>175005</id> 
				<editable/>
                <dynamic>false</dynamic>				
				<sraId/>     
				<category/>
				<freeText/>  
			</PricingDetail> -->
		    <PricingDetail>
				<pcIds>100014|100030|600024</pcIds>  <!-- Repair and Maintenance (closed), Repair and Maintenance (open), SMR on full customer risk -->
	       		<reference>REPAIR_MAINTENANCE</reference>
				<id>100575</id> 
				<editable/>
                <dynamic>false</dynamic>				
				<sraId/>     
				<category/>
				<freeText/>  
			</PricingDetail>			
		    <PricingDetail>
				<pcIds>100033</pcIds>  <!-- Tyres (Open) -->
	       		<reference>TYRES</reference>
				<id>100572</id> 
				<editable/>
                <dynamic>false</dynamic>				
				<sraId/>     
				<category/>
				<freeText/>  
			</PricingDetail>			
		    <PricingDetail>
				<pcIds>100057</pcIds>  <!-- Relief (Open) -->
	       		<reference>RELIEF_VEHICLE</reference>
				<id>100574</id> 
				<editable/>
                <dynamic>false</dynamic>				
				<sraId/>     
				<category/>
				<freeText/>  
			</PricingDetail>			
		</PricingDetail_Set>		
	</ProductConfiguration>	
</ProductConfigurationMapping>
