<?xml version="1.0" encoding="UTF-8"?>
<webmappings-configuration>
    <QuoteStatus>
        <DEFAULT>
            <filteritems>
                <item defaultSelected="true" milesEnumId="100044,100174,100176,100180">ALL_OPEN</item>
                <item milesEnumId="100044">SAVED</item>
                <item milesEnumId="100174,100180">CREDIT_ACCEPTED</item>
                <item milesEnumId="100176">CONTRACT_CREATED</item>
            </filteritems>
        </DEFAULT>
        <fleetmanager>
            <filteritems>
                <item defaultSelected="true" milesEnumId="100044,100038">ALL_OPEN</item>
                <item milesEnumId="100044">SAVED</item>
                <item milesEnumId="100038">APPROVED_DRIVER</item>
            </filteritems>
            <allowedactions>
                <action>view</action>
                <action restrictedToEnumId="100044,100038">print</action>
                <action restrictedToEnumId="100044,100038">copy</action>
                <action restrictedToEnumId="100044">link_driver</action>
                <action restrictedToEnumId="100044,100038">order</action>
                <action restrictedToEnumId="100038">reject</action>
                <action restrictedToEnumId="100044">delete</action>
            </allowedactions>
        </fleetmanager>
        <driver>
            <filteritems>
                <item defaultSelected="true" milesEnumId="100044,100039">ALL_OPEN</item>
                <item milesEnumId="100044">SAVED</item>
                <item milesEnumId="100039">REJECTED_FLEETMANAGER</item>
            </filteritems>
            <allowedactions>
                <action>view</action>
                <action restrictedToEnumId="100044,100039">print</action>
                <action restrictedToEnumId="20,100044,100039">copy</action>
                <action restrictedToEnumId="100044,100039">delete</action>
                <action restrictedToEnumId="100044">order</action>
            </allowedactions>
        </driver>
        <dealer>
            <filteritems>
                <item defaultSelected="true" milesEnumId="21,23,100044,100056,100174,100175,100180,100622">ALL_OPEN</item>
                <item milesEnumId="23,100044,100056">SAVED</item>
                <item milesEnumId="21">ORDERED</item>
                <item milesEnumId="100174,100180">CREDIT_ACCEPTED</item>
                <item milesEnumId="100042,100043">UNSAVED</item>
            </filteritems>
            <allowedactions>
                <action restrictedToEnumId="21,23,100044,100056,100180,100175,100174,100622">print</action>
                <action>copy</action>
                <action restrictedToEnumId="21,23,100044,100056,100180,100175,100174,100622">view</action>
                <action restrictedToEnumId="100175,100180,100622">editcreditapp</action>
                <action restrictedToEnumId="23,100044,100056">link_driver</action>
                <action restrictedToEnumId="23,100044,100056">link_prospect</action>
                <action restrictedToEnumId="23,100044,100056">order</action>
                <action restrictedToEnumId="23,100044,100056">reject</action>
                <action>upload</action>
                <action>download</action>
            </allowedactions>
        </dealer>
        <dealermanager>
            <filteritems>
                <item defaultSelected="true" milesEnumId="21,23,100044,100056,100174,100175,100180,100622">ALL_OPEN</item>
                <item milesEnumId="23,100044,100056">SAVED</item>
                <item milesEnumId="21">ORDERED</item>
                <item milesEnumId="100174,100180">CREDIT_ACCEPTED</item>
                <item milesEnumId="100042,100043">UNSAVED</item>
            </filteritems>
            <allowedactions>
                <action restrictedToEnumId="21,23,100044,100056,100180,100175,100174,100622">print</action>
                <action>copy</action>
                <action restrictedToEnumId="21,23,100044,100056,100180,100175,100174,100622">view</action>
                <action restrictedToEnumId="100175,100180,100622">editcreditapp</action>
                <action restrictedToEnumId="23,100044,100056">link_driver</action>
                <action restrictedToEnumId="23,100044,100056">link_prospect</action>
                <action restrictedToEnumId="23,100044,100056">order</action>
                <action restrictedToEnumId="23,100044,100056">reject</action>
                <action>upload</action>
                <action>download</action>
            </allowedactions>
        </dealermanager>
        <accountmanager>
            <filteritems>
                <item defaultSelected="true" milesEnumId="100044,100174,100176,100180">ALL_OPEN</item>
                <item milesEnumId="100044">SAVED</item>
                <item milesEnumId="100174,100180">CREDIT_ACCEPTED</item>
                <item milesEnumId="100176">CONTRACT_CREATED</item>
            </filteritems>
            <allowedactions>
                <action>view</action>
                <action restrictedToEnumId="100044,100174,100176,100180">print</action>
                <action restrictedToEnumId="20,100044,100174,100176,100180">copy</action>
                <action restrictedToEnumId="100044,100174,100176,100180">delete</action>
            </allowedactions>
        </accountmanager>
        <broker>
            <filteritems>
                <item defaultSelected="true" milesEnumId="21,23,100044,100056,100174,100175,100180,100622">ALL_OPEN</item>
                <item milesEnumId="23,100044,100056">SAVED</item>
                <item milesEnumId="21">ORDERED</item>
                <item milesEnumId="100174,100180">CREDIT_ACCEPTED</item>
                <item milesEnumId="100042,100043">UNSAVED</item>
            </filteritems>
            <allowedactions>
                <action restrictedToEnumId="21,23,100044,100056,100180,100175,100174,100622">print</action>
                <action>copy</action>
                <action restrictedToEnumId="21,23,100044,100056,100180,100175,100174,100622">view</action>
                <action restrictedToEnumId="100175,100180,100622">editcreditapp</action>
                <action restrictedToEnumId="23,100044,100056">link_driver</action>
                <action restrictedToEnumId="23,100044,100056">link_prospect</action>
                <action restrictedToEnumId="23,100044,100056">order</action>
                <action restrictedToEnumId="23,100044,100056">reject</action>
                <action>upload</action>
                <action>download</action>
            </allowedactions>
        </broker>
        <brokermanager>
            <filteritems>
                <item defaultSelected="true" milesEnumId="21,23,100044,100056,100174,100175,100180,100622">ALL_OPEN</item>
                <item milesEnumId="23,100044,100056">SAVED</item>
                <item milesEnumId="21">ORDERED</item>
                <item milesEnumId="100174,100180">CREDIT_ACCEPTED</item>
                <item milesEnumId="100042,100043">UNSAVED</item>
            </filteritems>
            <allowedactions>
                <action restrictedToEnumId="21,23,100044,100056,100180,100175,100174,100622">print</action>
                <action>copy</action>
                <action restrictedToEnumId="21,23,100044,100056,100180,100175,100174,100622">view</action>
                <action restrictedToEnumId="100175,100180,100622">editcreditapp</action>
                <action restrictedToEnumId="23,100044,100056">link_driver</action>
                <action restrictedToEnumId="23,100044,100056">link_prospect</action>
                <action restrictedToEnumId="23,100044,100056">order</action>
                <action restrictedToEnumId="23,100044,100056">reject</action>
                <action>upload</action>
                <action>download</action>
            </allowedactions>
        </brokermanager>
    </QuoteStatus>
    <ContractStatus>
        <DEFAULT>
            <filteritems>
                <item milesEnumId="566,567,2664">ALL_STATUSES</item>
                <item defaultSelected="true" milesEnumId="566,2664">RUNNING</item>
            </filteritems>
        </DEFAULT>
        <fleetmanager>
            <filteritems>
                <item milesEnumId="566,567,2664">ALL_STATUSES</item>
                <item defaultSelected="true" milesEnumId="566,2664">RUNNING</item>
            </filteritems>
            <allowedactions>
                <action>view</action>
                <action restrictedToEnumId="566,2664">update_eoc_intention</action>
                <action restrictedToEnumId="566,2664">link_driver</action>
                <action restrictedToEnumId="566,2664">change_costcenter</action>
                <action restrictedToEnumId="566,2664">register_incident</action>
                <action restrictedToEnumId="566,2664">register_odometer</action>
                <action restrictedToEnumId="567">view_conditionreport</action>
            </allowedactions>
        </fleetmanager>
        <driver>
            <filteritems>
                <item milesEnumId="566,567,2664">ALL_STATUSES</item>
                <item defaultSelected="true" milesEnumId="566,2664">RUNNING</item>
            </filteritems>
            <allowedactions>
                <action>view</action>
                <action restrictedToEnumId="566,2664">register_incident</action>
                <action restrictedToEnumId="566,2664">register_odometer</action>
            </allowedactions>
        </driver>
        <accountmanager>
            <filteritems>
                <item milesEnumId="566,567,2664">ALL_STATUSES</item>
                <item defaultSelected="true" milesEnumId="566,2664">RUNNING</item>
            </filteritems>
            <allowedactions>
                <action>view</action>
                <action restrictedToEnumId="565,566,2664">link_driver</action>
                <action restrictedToEnumId="565,566,2664">change_costcenter</action>
                <action restrictedToEnumId="566,2664">register_incident</action>
                <action restrictedToEnumId="566,2664">register_odometer</action>
            </allowedactions>
        </accountmanager>
        <dealer>
            <filteritems>
                <item milesEnumId="565,566,567,2664,100215,100216,100217,100246">ALL_STATUSES</item>
                <item defaultSelected="true" milesEnumId="566,2664,100246">RUNNING</item>
                <item milesEnumId="565,100215,100216,100217">INITIALIZED</item>
            </filteritems>
            <allowedactions>
                <action>view</action>
                <action restrictedToEnumId="566,2664,100246">print</action>
            </allowedactions>
        </dealer>
        <dealermanager>
            <filteritems>
                <item milesEnumId="565,566,567,2664,100215,100216,100217,100246">ALL_STATUSES</item>
                <item defaultSelected="true" milesEnumId="566,2664,100246">RUNNING</item>
                <item milesEnumId="565,100215,100216,100217">INITIALIZED</item>
            </filteritems>
            <allowedactions>
                <action>view</action>
                <action restrictedToEnumId="566,2664,100246">print</action>
            </allowedactions>
        </dealermanager>
        <broker>
            <filteritems>
                <item milesEnumId="565,566,567,2664,100215,100216,100217,100246">ALL_STATUSES</item>
                <item defaultSelected="true" milesEnumId="566,2664,100246">RUNNING</item>
                <item milesEnumId="565,100215,100216,100217">INITIALIZED</item>
            </filteritems>
            <allowedactions>
                <action>view</action>
                <action restrictedToEnumId="566,2664,100246">print</action>
            </allowedactions>
        </broker>
        <brokermanager>
            <filteritems>
                <item milesEnumId="565,566,567,2664,100215,100216,100217,100246">ALL_STATUSES</item>
                <item defaultSelected="true" milesEnumId="566,2664,100246">RUNNING</item>
                <item milesEnumId="565,100215,100216,100217">INITIALIZED</item>
            </filteritems>
            <allowedactions>
                <action>view</action>
                <action restrictedToEnumId="566,2664,100246">print</action>
            </allowedactions>
        </brokermanager>
    </ContractStatus>

    <FleetVehicleStatus>
        <DEFAULT>
            <filteritems>
                <item defaultSelected="true" milesEnumId="400690, 470, 400691">ALL_STATUSES</item>
                <item milesEnumId="400690">REGISTRATIONPROCESS</item>
                <item milesEnumId="470">AVAILABLEFORUSE</item>
                <item milesEnumId="400691">READYFORDELIVERY</item>
            </filteritems>
        </DEFAULT>
    </FleetVehicleStatus>

    <ServiceType>
        <DEFAULT>
            <filteritems>
                <item defaultSelected="true" milesEnumId="100033, 100034, 100035, 100036, 100380, 427, 426">ALL_STATUSES</item>
                <item milesEnumId="427, 100380">FUEL</item>
                <item milesEnumId="426">RELIEFVEHICLE</item>
                <item milesEnumId="100033,100036">REPAIRMAINTENANCE</item>
                <item milesEnumId="100034,100035">TYRES</item>
            </filteritems>
        </DEFAULT>
    </ServiceType>
    
    <OrderStatus>
        <DEFAULT>
            <filteritems>
                <item defaultSelected="true" milesEnumId="301, 302, 303, 306, 2591">ALL_STATUSES</item>
                <item milesEnumId="306">WAITINGFORAPPROVAL</item>
                <item milesEnumId="303,2591">APPROVED</item>
                <item milesEnumId="302">CONFIRMED</item>
                <item milesEnumId="301">CANCELED</item>
            </filteritems>
            <allowedactions>
                <action>view</action>
                <action restrictedToEnumId="302">changedeliverydate</action>
                <action restrictedToEnumId="303,2591">confirm</action>
            </allowedactions>
        </DEFAULT>
    </OrderStatus>
</webmappings-configuration>
