<?xml version="1.0" encoding="UTF-8"?>
<configuration>
	
	<!-- Shared properties for all environments -->
	<properties>
		<logon>
			<rememberpassword>
				<!-- Makes the 'remember password' functionality available on the login panel.
						Setting this setting to false will remove the check box from the login panel. -->
				<available>true</available> 				 
			</rememberpassword>
			<oldlogins>
				<!-- Makes the 'remember old logins' functionality available on the login panel.
						Setting this setting to false will remove the remember old login functionality from the login panel. -->				 
				<available>true</available>
				<!-- Makes the 'remember old logins' pane collapsed or expanded when the login panel is loaded. -->
				<collapsed>false</collapsed>
			</oldlogins>
			<!--  SSO Configuration -->
			<sso>
				<!--  Enable/Disable the detection of SSO headers -->
				<enabled>false</enabled>
				<!--  Configure the environment name which needs to be used to determine connection configuration settings when SSO access is used-->
				<environment></environment>
			</sso>
		</logon>
		<!-- Configure the HTTP URL of the Miles application. This setting is required when the MilesWeb policy manager application is to be used. -->
		<miles>
			<http>
				<url>http://localhost:10040/miles</url>
			</http>
		</miles>		
	</properties>
 
	<environments>

		<environment>

			<!-- Configure the environment name -->
			<!--<name>Environment Name</name> -->
			
			<!-- Uncomment this section to configure a WebLogic Application Server Connection 
			<jndi>
				<provider>weblogic.jndi.WLInitialContextFactory</provider>
				<url>t3://localhost:7001</url>
			</jndi>
			-->
			 
			<!-- Uncomment this section to configure a WebSphere Application Server Connection
			<jndi>
				<provider>com.ibm.websphere.naming.WsnInitialContextFactory</provider>
				<url>iiop://localhost:9815</url>
			</jndi>
			-->
			
			<!-- Uncomment this section to configure a JBoss 5 server via JNP
			<jndi>
				<provider>org.jnp.interfaces.NamingContextFactory</provider>
				<url>jnp://localhost:<jnp-port></url>
			</jndi>
			-->

			<jndi>
				<ejb3>true</ejb3>
			</jndi>
			
			 
			<!-- Configure default user name and password -->
			<username></username>
			<password></password>
			
			<!-- Configure the connection profile to inherit connection settings from (name, default, key range and editable key ranges)-->
			<connectionprofile>4</connectionprofile>
			
			<!-- Configure the key range for the connection (1=Base Configuration Layer, 2=Country Configuration Layer, 3=Operational) -->
			<!--<range>1</range> -->
			
			<!-- Make the environment the default environment (the default environment is automatically selected in the Logon Panel) -->
			<!--<default>true</default> -->
			
			<!-- Configure the Modules that need to be available on the environment -->
			<module-ref reference="secmodel"/>
			<module-ref reference="configtables"/>
			<module-ref reference="admin" />
			<module-ref reference="transmgmt" />
			<!-- <module-ref reference="usermgmt" />-->
			<module-ref reference="uidesigner" />
			
			
			<!-- Uncomment this section to configure the MilesWeb policy manager 
			<module-ref reference="webpolicymanager" />
			-->
			
			<module-ref reference="miscellaneous" />

		</environment>

				<environment>

			<!-- Configure the environment name -->
			<name>se_tst_MMC_User</name>
			
			<jndi>
 				<ejb3>true</ejb3>
			</jndi>
			 
			<!-- Configure default user name and password -->
			<username></username>
			<password></password>
			
			<!-- Configure the connection profile to inherit connection settings from (name, default, key range and editable key ranges)-->
			<connectionprofile></connectionprofile>
			
			<!-- Configure the key range for the connection (1=Base Configuration Layer, 2=Country Configuration Layer, 3=Operational) -->
			<!-- <range>3</range> -->
			
			<!-- Make the environment the default environment (the default environment is automatically selected in the Logon Panel) -->
			<!-- <default>true</default> -->
			
			<!-- Configure the Modules that need to be available on the environment -->
			
			<!-- <module-ref reference="secmodel"/>-->
			<!-- <module-ref reference="configtables"/>-->
			<!-- <module-ref reference="uidesigner" />-->
			<!-- <module-ref reference="admin" />-->
			<!-- <module-ref reference="transmgmt" />-->
			<module-ref reference="usermgmt" />
			<!-- <module-ref reference="envmonitoring" />-->
			<!-- <module-ref reference="miscellaneous" />-->

		</environment>

	</environments>

</configuration>
