<?xml version="1.0" encoding="UTF-8" standalone="no"?>
<AutomatedInstallation langpack="eng">
<com.izforge.izpack.panels.DefaultTargetPanel id="UNKNOWN (com.izforge.izpack.panels.DefaultTargetPanel)">
<installpath>/data</installpath>
</com.izforge.izpack.panels.DefaultTargetPanel>
<com.izforge.izpack.panels.UserInputPanel id="UNKNOWN (com.izforge.izpack.panels.UserInputPanel)">
<userInput/>
</com.izforge.izpack.panels.UserInputPanel>
<com.izforge.izpack.panels.PacksPanel id="UNKNOWN (com.izforge.izpack.panels.PacksPanel)">
<pack index="0" name="Installation parameters" selected="true"/>
<pack index="1" name="Miles Server - Documents" selected="true"/>
<pack index="2" name="Miles Database - drop and create Galaxy user and role" selected="false"/>
<pack index="3" name="Miles Database - Galaxy" selected="true"/>
<pack index="4" name="Send Email" selected="true"/>
<pack index="5" name="Manual-Installation" selected="false"/>
</com.izforge.izpack.panels.PacksPanel>
<com.izforge.izpack.panels.UserInputPanel id="SelectPropertyFile">
<userInput>
<entry key="load.properties.file" value="/home/jboss/miles-properties/miles_galaxy_tst_se.properties"/>
</userInput>
</com.izforge.izpack.panels.UserInputPanel>
<com.athloncarlease.izpack.panels.LoadPropertiesPanel id="LoadPropertyFile"/>
<com.izforge.izpack.panels.UserInputPanel id="UNKNOWN (com.izforge.izpack.panels.UserInputPanel)">
<userInput>
<entry key="com.athloncarlease.miles.env.instance" value="tst"/>
<entry key="com.athloncarlease.miles.env.country" value="se"/>
</userInput>
</com.izforge.izpack.panels.UserInputPanel>
<com.izforge.izpack.panels.UserInputPanel id="UNKNOWN (com.izforge.izpack.panels.UserInputPanel)">
<userInput>
<entry key="com.athlon.miles.version.log.path" value="/data/se/logs"/>
<entry key="com.athlon.miles.documents.templates.path" value="/data/se/athlon/document_templates"/>
</userInput>
</com.izforge.izpack.panels.UserInputPanel>
<com.izforge.izpack.panels.UserInputPanel id="UNKNOWN (com.izforge.izpack.panels.UserInputPanel)">
<userInput>
<entry key="com.athloncarlease.miles.jdbc.galaxy.web.username" value="GALAXY"/>
<entry key="com.athloncarlease.miles.jdbc.galaxy.web.password" value="XXXgalaxy_db_passwordYYY"/>
<entry key="com.athloncarlease.miles.jdbc.galaxy.pro.username" value="GALAXY_OWNER"/>
<entry key="com.athloncarlease.miles.jdbc.galaxy.pro.password" value="XXXgalaxy_owner_db_passwordYYY"/>
<entry key="com.athloncarlease.miles.jdbc.target.tablespace" value="DATA"/>
<entry key="com.athloncarlease.miles.jdbc.user.profile" value="C##DAI_TECHUSER"/>
<entry key="com.athloncarlease.miles.jdbc.pro.username" value="MILES"/>
<entry key="com.athloncarlease.miles.db.system.username" value="MILES"/>
<entry key="com.athloncarlease.miles.db.system.password" value="XXXmiles_db_passwordYYY"/>
<entry key="com.athloncarlease.miles.db.connectidentifier" value="dev-milesse-pink.esp.corpintra.net:1521/MILESSE-E01.DEV"/>
</userInput>
</com.izforge.izpack.panels.UserInputPanel>
<com.izforge.izpack.panels.UserInputPanel id="UNKNOWN (com.izforge.izpack.panels.UserInputPanel)">
<userInput>
<entry key="com.athloncarlease.miles.mail.recipients" value="dw_501-athlonint_miles-deployment@daimler.com"/>
</userInput>
</com.izforge.izpack.panels.UserInputPanel>
<com.izforge.izpack.panels.InstallPanel id="UNKNOWN (com.izforge.izpack.panels.InstallPanel)"/>
<com.izforge.izpack.panels.FinishPanel id="UNKNOWN (com.izforge.izpack.panels.FinishPanel)"/>
</AutomatedInstallation>
