<?xml version="1.0" encoding="UTF-8" standalone="no"?>
<AutomatedInstallation langpack="eng">
<com.izforge.izpack.panels.DefaultTargetPanel id="UNKNOWN (com.izforge.izpack.panels.DefaultTargetPanel)">
<installpath>/data</installpath>
</com.izforge.izpack.panels.DefaultTargetPanel>
<com.izforge.izpack.panels.PacksPanel id="UNKNOWN (com.izforge.izpack.panels.PacksPanel)">
<pack index="0" name="JBoss" selected="false"/>
<pack index="1" name="Miles Server" selected="false"/>
<pack index="2" name="Update JBOSS instance startup script" selected="false"/>
<pack index="3" name="[AME] Athlon Miles Extensions - application part" selected="true"/>
</com.izforge.izpack.panels.PacksPanel>
<com.izforge.izpack.panels.UserInputPanel id="SelectPropertyFile">
<userInput/>
</com.izforge.izpack.panels.UserInputPanel>
<com.athloncarlease.izpack.panels.LoadPropertiesPanel id="LoadPropertyFile"/>
<com.izforge.izpack.panels.UserInputPanel id="UNKNOWN (com.izforge.izpack.panels.UserInputPanel)">
<userInput>
<entry key="com.athloncarlease.miles.env.instance" value="tst"/>
<entry key="com.athloncarlease.miles.env.country" value="pt"/>
</userInput>
</com.izforge.izpack.panels.UserInputPanel>
<com.izforge.izpack.panels.UserInputPanel id="UNKNOWN (com.izforge.izpack.panels.UserInputPanel)">
<userInput/>
</com.izforge.izpack.panels.UserInputPanel>
<com.izforge.izpack.panels.UserInputPanel id="UNKNOWN (com.izforge.izpack.panels.UserInputPanel)">
<userInput/>
</com.izforge.izpack.panels.UserInputPanel>
<com.izforge.izpack.panels.UserInputPanel id="UNKNOWN (com.izforge.izpack.panels.UserInputPanel)">
<userInput/>
</com.izforge.izpack.panels.UserInputPanel>
<com.izforge.izpack.panels.UserInputPanel id="UNKNOWN (com.izforge.izpack.panels.UserInputPanel)">
<userInput/>
</com.izforge.izpack.panels.UserInputPanel>
<com.izforge.izpack.panels.UserInputPanel id="UNKNOWN (com.izforge.izpack.panels.UserInputPanel)">
<userInput/>
</com.izforge.izpack.panels.UserInputPanel>
<com.izforge.izpack.panels.UserInputPanel id="UNKNOWN (com.izforge.izpack.panels.UserInputPanel)">
<userInput/>
</com.izforge.izpack.panels.UserInputPanel>
<com.izforge.izpack.panels.UserInputPanel id="UNKNOWN (com.izforge.izpack.panels.UserInputPanel)">
<userInput/>
</com.izforge.izpack.panels.UserInputPanel>
<com.izforge.izpack.panels.UserInputPanel id="UNKNOWN (com.izforge.izpack.panels.UserInputPanel)">
<userInput/>
</com.izforge.izpack.panels.UserInputPanel>
<com.izforge.izpack.panels.UserInputPanel id="UNKNOWN (com.izforge.izpack.panels.UserInputPanel)">
<userInput/>
</com.izforge.izpack.panels.UserInputPanel>
<com.izforge.izpack.panels.UserInputPanel id="UNKNOWN (com.izforge.izpack.panels.UserInputPanel)">
<userInput>
<entry key="com.athloncarlease.miles.athlon.path" value="/data/pt/athlon"/>
<entry key="com.athlon.miles.log.path" value="/data/pt/logs"/>
<entry key="com.athloncarlease.miles.connectors.path" value="/data/pt/milesroot/connectors"/>
<entry key="com.athloncarlease.miles.cardata.server.path" value="/data/nfs/miles_vehicle_data/pt/jato"/>
<entry key="com.athloncarlease.miles.cardata.prefixfiles" value="ASC"/>
<entry key="com.athloncarlease.miles.cardata.countrycodes" value="P"/>
</userInput>
</com.izforge.izpack.panels.UserInputPanel>
<com.izforge.izpack.panels.UserInputPanel id="UNKNOWN (com.izforge.izpack.panels.UserInputPanel)">
<userInput/>
</com.izforge.izpack.panels.UserInputPanel>
<com.izforge.izpack.panels.InstallPanel id="UNKNOWN (com.izforge.izpack.panels.InstallPanel)"/>
<com.izforge.izpack.panels.FinishPanel id="UNKNOWN (com.izforge.izpack.panels.FinishPanel)"/>
</AutomatedInstallation>
