<?xml version="1.0" encoding="UTF-8" ?>
<!DOCTYPE log4j:configuration SYSTEM "dtd/log4j.dtd">

<!-- Change the value for parameter File in every logger !!-->


<log4j:configuration xmlns:log4j="http://jakarta.apache.org/log4j/" debug="false">
	<appender name="LogAppender" class="org.apache.log4j.RollingFileAppender">
		<param name="File" value="/data/se/logs/core/mmc/web.log"/>
		<param name="MaxFileSize" value="10000KB"/>
		<param name="MaxBackupIndex" value="10"/>
		<param name="Threshold" value="DEBUG"/>
		<layout class="org.apache.log4j.PatternLayout">
			<param name="ConversionPattern" value="%d %p (%c) [%t] %s%E%n"/>
		</layout>
	</appender>
	
	<appender name="TraceAppender" class="org.apache.log4j.RollingFileAppender">
		<param name="File" value="/data/se/logs/core/mmc/web-trace.log"/>
		<param name="MaxFileSize" value="10000KB"/>
		<param name="MaxBackupIndex" value="10"/>
		<param name="Threshold" value="trace"/>
		<layout class="org.apache.log4j.PatternLayout">
			<param name="ConversionPattern" value="%d %p (%c) [%t] %s%E%n"/>
		</layout>
	</appender>
	
	<!-- This logger is used to log exceptions from the client
	(which are sent by RPC to the server to log) -->
	<appender name="UserLogAppend" class="org.apache.log4j.RollingFileAppender">
		<param name="File" value="/data/se/logs/core/mmc/user.log"/>
		<param name="MaxFileSize" value="10000KB"/>
		<param name="MaxBackupIndex" value="10"/>
		<param name="Threshold" value="DEBUG"/>
		<layout class="org.apache.log4j.PatternLayout">
			<param name="ConversionPattern" value="%d %p (%c) [%t] %s%E%n"/>
		</layout>
	</appender>
    
	<appender name="WarnAppender" class="org.apache.log4j.RollingFileAppender">
		<param name="File" value="/data/se/logs/core/mmc/warn.log"/>
		<param name="MaxFileSize" value="10000KB"/>
		<param name="MaxBackupIndex" value="10"/>
		<param name="Threshold" value="DEBUG"/>
		<layout class="org.apache.log4j.PatternLayout">
			<param name="ConversionPattern" value="%d %p (%c) [%t] %s%E%n"/>
		</layout>
    </appender>
    
	
	<logger name="be.sofico.montelli.mmc.server.UserExceptions">
		<level value="all" />
		<appender-ref ref="UserLogAppend" />
	</logger>
	
	<logger name="be.sofico.montelli.mmc.server.log.MontelliTraceLog">
		<level value="all" />
		<appender-ref ref="TraceAppender" />
	</logger>
    
	<logger name="be.sofico.montelli.mmc.server.log.MontelliLog">
		<level value="DEBUG,INFO,WARN,ERROR" />
		<appender-ref ref="LogAppender" />
	</logger>
	
	
	<logger name="com.allen_sauer.gwt.log.client.Log">
		<level value="error" />
		<appender-ref ref="LogAppender" />
	</logger>
	
	<logger name="org.ajax4jsf.event">
		<level value="error" />
		<appender-ref ref="LogAppender" />
	</logger>
	
	<logger name="org.apache">
		<level value="error" />
		<appender-ref ref="LogAppender" />
	</logger>
	
	<logger name="org.apache.jasper.compiler.JspRuntimeContext">
		<level value="error" />
		<appender-ref ref="LogAppender" />
	</logger>
        
    <root>
        <level value="DEBUG"/>
        <appender-ref ref="WarnAppender" />
    </root>
</log4j:configuration>
